First name,Surname,ID,Sex,DOB,Category,Insured?,DJC,PSD,DOL,Pension
Cathrin,Cathrinson,70000,F,09/01/1957,B,N,02/01/1986,23/02/1986,22/02/1989,2000
Cathryne,Cathryneson,70001,F,04/07/1966,A,N,27/06/1993,19/03/1994,15/03/2011,11333.33
Catrena,Catrenason,70002,F,05/02/1967,B,N,26/01/2007,18/06/2007,15/06/2016,6000
Cayan,Cayanson,70003,F,19/05/1961,A,N,07/05/2008,15/10/2008,31/12/2018,6810.96
Cecelia,Ceceliason,70004,F,15/04/1965,A,N,05/04/2007,11/04/2008,10/04/2014,4000
Cecily,Cecilyson,70005,F,26/09/1958,B,N,15/09/2001,22/06/2002,21/06/2007,3333.33
Ceetl,Ceetlson,70006,F,13/10/1963,A,N,02/10/2005,01/01/2006,31/12/2018,8670.32
Celia,Celiason,70007,F,29/12/1957,A,N,17/12/2004,29/09/2005,26/09/2018,8666.67
Celina,Celinason,70008,F,10/01/1968,B,N,29/12/2012,14/05/2013,13/05/2016,2000
Celise,Celiseson,70009,F,04/04/1957,A,N,31/03/1975,22/04/1975,21/04/1979,2666.67
Ceri,Cerison,70010,F,12/09/1960,B,N,04/09/1995,18/03/1996,13/03/2018,14666.67
Cerise,Ceriseson,70011,F,26/04/1955,A,N,18/04/1985,03/12/1985,29/11/2001,10666.67
Channelle,Channelleson,70012,F,05/09/1964,A,N,30/08/1988,26/05/1989,21/05/2010,14000
Chantal,Chantalson,70013,F,14/01/1966,A,N,08/01/1989,29/12/1989,24/12/2009,13333.33
Chantell,Chantellson,70014,F,09/03/1967,B,N,02/03/1992,30/12/1992,28/12/2003,7333.33
Charise,Chariseson,70015,F,19/12/1957,B,N,13/12/1983,20/12/1983,15/12/2003,13333.33
Charisma,Charismason,70016,F,03/09/1960,A,N,21/08/2013,12/06/2014,31/12/2018,3037.44
Charisse,Charisseson,70017,F,25/11/1957,A,N,18/11/1987,14/07/1988,09/07/2010,14666.67
Charlane,Charlaneson,70018,F,10/04/1955,A,N,31/03/1992,04/03/1993,03/03/1999,4000
Charline,Charlineson,70019,F,29/12/1964,A,N,23/12/1990,11/12/1991,08/12/2002,7333.33
Charmain,Charmainson,70020,F,29/04/1968,C,N,21/04/2001,19/09/2001,15/09/2016,10000
Charmayne,Charmayneson,70021,F,15/09/1955,A,N,08/09/1980,21/04/1981,19/04/1988,4666.67
Charmian,Charmianson,70022,F,16/10/1958,A,N,08/10/1991,18/09/1992,18/09/1994,1333.33
Charne,Charneson,70023,F,09/07/1960,A,N,01/07/1992,28/05/1993,24/05/2009,10666.67
Charrise,Charriseson,70024,F,16/03/1961,A,N,10/03/1987,14/05/1987,13/05/1989,1333.33
Charys,Charysson,70025,F,26/02/1959,B,N,21/02/1977,29/05/1977,24/05/1997,13333.33
Cheire,Cheireson,70026,F,10/05/1956,B,N,01/05/1994,28/10/1994,25/10/2007,8666.67
Chelsea,Chelseason,70027,F,29/04/1964,A,N,24/04/1984,27/04/1985,25/04/1993,5333.33
Cheng,Chengson,70028,F,17/06/1956,A,N,05/06/2005,17/02/2006,15/02/2013,4666.67
Cheraine,Cheraineson,70029,F,01/03/1955,A,N,24/02/1976,15/01/1977,12/01/1992,10000
Chere,Chereson,70030,F,21/03/1957,B,N,12/03/1992,21/03/1993,15/03/2018,16666.67
Cherene,Chereneson,70031,F,17/04/1959,A,N,06/04/2001,24/06/2001,22/06/2009,5333.33
Cherin,Cherinson,70032,F,12/01/1959,B,N,01/01/2002,24/10/2002,21/10/2014,8000
Cherisse,Cherisseson,70033,F,21/01/1963,A,N,09/01/2009,15/04/2009,31/12/2018,6478.54
Cherith,Cherithson,70034,F,24/02/1966,A,N,11/02/2019,28/02/2019,31/12/2018,-107.76
Cherlyne,Cherlyneson,70035,F,16/03/1961,B,N,12/03/1979,24/06/1979,20/06/1992,80
Cherrell,Cherrellson,70036,F,23/10/1966,A,N,09/10/2020,16/06/2021,31/12/2018,-10
Cherryll,Cherryllson,70037,F,11/10/1955,A,N,02/10/1989,30/11/1989,29/11/1993,20
Cheryl-Lee,Cheryl-Leeson,70038,F,18/02/1959,B,N,09/02/1996,30/08/1996,31/12/2018,140
Cherylann,Cherylannson,70039,F,18/11/1960,A,N,09/11/1997,02/07/1998,31/12/2018,130
Cheryleen,Cheryleenson,70040,F,14/02/1968,B,N,06/02/2000,11/11/2000,31/12/2018,120
Cherylle,Cherylleson,70041,F,08/07/1959,A,N,29/06/1993,12/10/1993,06/10/2017,160
Cheyvonne,Cheyvonneson,70042,F,02/06/1956,A,N,20/05/2011,06/02/2012,31/12/2018,40
Chia,Chiason,70043,F,22/06/1968,A,N,09/06/2021,24/03/2022,31/12/2018,-20
Chienyenwa,Chienyenwason,70044,F,26/12/1963,B,N,12/12/2016,03/09/2017,31/12/2018,884.02
Chinonyerem,Chinonyeremson,70045,F,12/08/1962,B,N,05/08/1990,20/02/1991,18/02/2000,60
Chiraz,Chirazson,70046,F,30/05/1955,A,N,18/05/2003,21/09/2003,18/09/2012,60
Chirsty,Chirstyson,70047,F,10/02/1958,A,N,02/02/1992,09/03/1992,06/03/2007,100
Chishamiso,Chishamisoson,70048,F,02/03/1966,A,N,21/02/2002,11/05/2002,07/05/2017,100
Chitra,Chitrason,70049,F,16/10/1963,A,N,05/10/2006,04/08/2007,31/12/2018,70
Chris,Chrisson,70050,F,22/11/1957,C,N,10/11/2004,27/12/2004,27/12/2005,666.67
Chrisanne,Chrisanneson,70051,F,05/11/1961,A,N,24/10/2008,22/10/2009,31/12/2018,60
Chrissie,Chrissieson,70052,F,04/09/1959,A,N,27/08/1988,28/05/1989,22/05/2012,150
Christa,Christason,70053,F,15/04/1958,A,N,02/04/2009,18/04/2009,31/12/2018,60
Christeen,Christeenson,70054,F,25/12/1965,A,N,20/12/1984,29/09/1985,27/09/1992,40
Christian,Christianson,70055,F,06/11/1961,B,N,29/10/1993,05/10/1994,01/10/2008,90
Christianna,Christiannason,70056,F,10/11/1966,B,N,02/11/1998,25/11/1998,20/11/2017,120
Christopher,Christopherson,70057,F,05/09/1969,A,N,01/09/1987,20/11/1987,16/11/2001,90
Chung,Chungson,70058,F,10/10/1955,A,N,02/10/1984,06/10/1985,01/10/2006,140
Cimeon,Cimeonson,70059,F,04/05/1969,A,N,26/04/2001,18/10/2001,14/10/2018,110
Cinzia,Cinziason,70060,F,19/04/1961,B,N,10/04/1996,18/09/1996,17/09/2002,40
Ciorstain,Ciorstainson,70061,F,24/11/1955,A,N,16/11/1987,10/02/1988,05/02/2007,120
Claira,Clairason,70062,F,29/11/1968,B,N,16/11/2021,14/11/2022,31/12/2018,-20
Clara,Clarason,70063,F,05/02/1964,A,N,27/01/1997,09/02/1998,08/02/2002,20
Clariel,Clarielson,70064,F,02/07/1958,A,N,19/06/2008,06/09/2008,06/09/2010,10
Clarinda,Clarindason,70065,F,16/08/1961,B,N,10/08/1985,05/06/1986,04/06/1989,20
Clarissa,Clarissason,70066,F,02/08/1957,A,N,20/07/2011,02/11/2011,01/11/2013,10
Claudette,Claudetteson,70067,F,11/04/1957,A,N,05/04/1980,19/07/1980,15/07/1998,120
Cleo,Cleoson,70068,F,18/03/1962,B,N,05/03/2013,16/06/2013,31/12/2018,30
Concetta,Concettason,70069,F,23/04/1959,A,N,12/04/2001,23/04/2001,22/04/2007,40
Constance,Constanceson,70070,F,08/05/1959,B,N,28/04/1999,20/06/1999,16/06/2015,100
Corale,Coraleson,70071,F,29/12/1963,A,N,19/12/2000,11/07/2001,08/07/2015,90
Coralyn,Coralynson,70072,F,13/12/1960,A,N,06/12/1991,29/08/1992,25/08/2008,100
Corina,Corinason,70073,F,01/11/1956,A,N,23/10/1995,23/09/1996,20/09/2008,80
Corinna,Corinnason,70074,F,24/03/1965,B,N,18/03/1991,09/03/1992,06/03/2005,80
Corrina,Corrinason,70075,F,22/04/1963,B,N,10/04/2010,07/06/2010,31/12/2018,50
Corry,Corryson,70076,F,06/05/1955,A,N,29/04/1981,07/05/1981,07/05/1982,666.67
Craigie,Craigieson,70077,F,12/11/1962,A,N,04/11/1995,02/08/1996,31/07/2007,70
Cynthia,Cynthiason,70078,F,15/09/1966,A,N,03/09/2013,24/02/2014,24/02/2016,10
Dalaine,Dalaineson,70079,F,14/02/1963,A,N,03/02/2005,19/01/2006,17/01/2014,50
Dalvina,Dalvinason,70080,F,19/05/1961,C,N,12/05/1988,18/12/1988,12/12/2013,160
Damaris,Damarisson,70081,F,12/10/1959,A,N,04/10/1988,18/09/1989,14/09/2006,110
Danelle,Danelleson,70082,F,05/07/1964,A,N,24/06/2010,04/11/2010,31/12/2018,50
Dania,Daniason,70083,F,21/09/1959,A,N,08/09/2008,23/12/2008,31/12/2018,60
Danica,Danicason,70084,F,07/09/1958,A,N,30/08/1989,06/04/1990,02/04/2006,100
Danna,Dannason,70085,F,25/02/1963,B,N,19/02/1987,25/05/1987,24/05/1988,666.67
Dannielle,Dannielleson,70086,F,10/09/1961,B,N,04/09/1985,24/11/1985,20/11/2000,100
Darlene,Darleneson,70087,F,31/05/1955,A,N,18/05/2006,18/08/2006,17/08/2008,10
Darrell,Darrellson,70088,F,09/12/1969,A,N,01/12/2002,13/09/2003,31/12/2018,100
Dawna,Dawnason,70089,F,07/10/1962,A,N,25/09/2010,01/01/2011,31/12/2018,50
Dawne,Dawneson,70090,F,26/03/1961,B,N,22/03/1979,04/12/1979,28/11/2003,160
Deana,Deanason,70091,F,21/04/1955,A,N,15/04/1976,24/07/1976,23/07/1981,30
Deanna,Deannason,70092,F,13/06/1962,B,N,08/06/1981,09/10/1981,03/10/2004,150
Debbi,Debbison,70093,F,15/10/1968,A,N,06/10/2006,31/03/2007,28/03/2016,60
Debbielee,Debbieleeson,70094,F,01/03/1963,A,N,19/02/2002,10/02/2003,31/12/2018,100
Debby,Debbyson,70095,F,01/05/1955,B,N,17/04/2010,18/02/2011,31/12/2018,50
Debirah-Jane,Debirah-Janeson,70096,F,09/02/1957,A,N,27/01/2009,07/10/2009,31/12/2018,60
Debora,Deborason,70097,F,29/01/1956,A,N,23/01/1980,25/05/1980,23/05/1988,50
Deborah-Ann,Deborah-Annson,70098,F,23/07/1961,B,N,14/07/1998,06/09/1998,01/09/2017,120
Deidre,Deidreson,70099,F,02/02/1968,A,N,22/01/2012,05/05/2012,31/12/2018,40
Dena,Denason,70100,F,05/07/1967,B,N,25/06/2006,11/03/2007,31/12/2018,70
Denese,Deneseson,70101,F,07/06/1966,A,N,31/05/1992,09/01/1993,08/01/1998,30
Deniece,Denieceson,70102,F,01/06/1957,A,N,20/05/2005,26/02/2006,31/12/2018,80
Denyse,Denyseson,70103,F,18/12/1966,A,N,08/12/2004,03/01/2006,31/12/2018,80
Deria,Deriason,70104,F,14/12/1959,B,N,08/12/1980,09/07/1981,08/07/1986,30
Devrishe,Devrisheson,70105,F,15/05/1964,B,N,04/05/2010,18/05/2010,31/12/2018,50
Deyna,Deynason,70106,F,12/12/1962,A,N,04/12/1993,09/11/1994,06/11/2004,60
Dheepa,Dheepason,70107,F,12/05/1957,A,N,05/05/1985,06/12/1985,02/12/2003,120
Diama,Diamason,70108,F,12/10/1967,A,N,02/10/2007,18/04/2008,31/12/2018,70
Dileas,Dileasson,70109,F,22/01/1962,A,N,13/01/1997,28/04/1997,25/04/2009,80
Dimitra,Dimitrason,70110,F,22/07/1960,C,N,09/07/2013,18/05/2014,31/12/2018,30
Dioni,Dionison,70111,F,18/11/1959,A,N,09/11/1992,22/02/1993,21/02/1998,30
Dizziana,Dizzianason,70112,F,14/11/1964,A,N,07/11/1992,06/12/1993,04/12/2003,60
Doleen,Doleenson,70113,F,19/12/1966,A,N,10/12/2000,29/12/2001,26/12/2014,80
Dolina,Dolinason,70114,F,04/08/1965,A,N,25/07/2005,27/01/2006,27/01/2007,666.67
Dolores,Doloresson,70115,F,24/09/1957,B,N,14/09/1996,20/07/1997,15/07/2016,120
Dona,Donason,70116,F,17/01/1966,B,N,05/01/2016,18/05/2016,18/05/2018,10
Donalda,Donaldason,70117,F,17/07/1957,A,N,09/07/1988,05/04/1989,01/04/2005,100
Donella,Donellason,70118,F,14/10/1958,A,N,04/10/1997,11/04/1998,31/12/2018,130
Donnamarie,Donnamarieson,70119,F,02/06/1964,A,N,28/05/1986,14/08/1986,09/08/2007,140
Dora,Dorason,70120,F,20/01/1968,B,N,06/01/2022,21/01/2023,31/12/2018,-20
Dorcas,Dorcasson,70121,F,13/10/1963,A,N,05/10/1992,26/02/1993,21/02/2015,140
Dory,Doryson,70122,F,27/03/1968,B,N,23/03/1986,25/04/1986,24/04/1988,10
Duana,Duanason,70123,F,20/11/1960,A,N,15/11/1983,18/12/1983,12/12/2005,140
Dyanne,Dyanneson,70124,F,08/02/1958,A,N,03/02/1980,17/07/1980,15/07/1990,60
E-Ming,E-Mingson,70125,F,11/08/1956,B,N,30/07/2006,10/12/2006,31/12/2018,80
Ebru,Ebruson,70126,F,07/02/1966,A,N,26/01/2014,07/09/2014,31/12/2018,20
Edda,Eddason,70127,F,08/03/1965,A,N,03/03/1986,12/02/1987,08/02/2004,110
Edelle,Edelleson,70128,F,22/02/1958,B,N,13/02/1996,07/03/1996,06/03/2003,40
Edna,Ednason,70129,F,30/11/1962,A,N,19/11/2007,10/08/2008,09/08/2012,20
Eila-Fay,Eila-Fayson,70130,F,10/04/1966,B,N,30/03/2011,30/10/2011,28/10/2017,40
Eilisa,Eilisason,70131,F,01/01/1964,A,N,21/12/2004,17/07/2005,15/07/2015,60
Eilishia,Eilishiason,70132,F,22/05/1955,A,N,17/05/1974,19/06/1975,17/06/1982,40
Eily,Eilyson,70133,F,06/12/1955,A,N,27/11/1989,29/09/1990,25/09/2006,100
Einnas,Einnasson,70134,F,04/09/1968,B,N,29/08/1992,26/04/1993,23/04/2004,70
Eirin,Eirinson,70135,F,11/06/1959,B,N,05/06/1981,08/02/1982,03/02/2004,140
Ekanem,Ekanemson,70136,F,16/02/1956,A,N,04/02/2001,08/09/2001,05/09/2013,80
Elana,Elanason,70137,F,30/01/1961,A,N,25/01/1984,23/05/1984,18/05/2004,130
Elannor,Elannorson,70138,F,20/01/1958,A,N,12/01/1991,23/09/1991,18/09/2011,130
Elanor,Elanorson,70139,F,29/04/1961,A,N,19/04/2002,17/03/2003,31/12/2018,100
Elia,Eliason,70140,F,05/07/1969,C,N,23/06/2019,21/07/2020,31/12/2018,-10
Eliana,Elianason,70141,F,08/08/1962,A,N,26/07/2013,26/09/2013,31/12/2018,30
Eliane,Elianeson,70142,F,28/05/1962,A,N,23/05/1982,04/01/1983,02/01/1991,50
Elidh,Elidhson,70143,F,15/02/1959,A,N,04/02/2002,11/09/2002,08/09/2012,60
Ellanna,Ellannason,70144,F,31/10/1969,A,N,18/10/2023,02/03/2024,31/12/2018,-30
Ellie,Ellieson,70145,F,28/02/1962,B,N,23/02/1983,03/10/1983,30/09/1994,70
Ellison,Ellisonson,70146,F,28/09/1964,B,N,15/09/2017,02/10/2018,31/12/2018,164.38
Elona,Elonason,70147,F,15/07/1963,A,N,07/07/1993,18/08/1993,14/08/2010,110
Elsa,Elsason,70148,F,26/01/1956,A,N,20/01/1978,06/10/1978,05/10/1980,10
Elsbeth,Elsbethson,70149,F,11/07/1962,A,N,06/07/1983,05/04/1984,31/03/2006,140
Elsie,Elsieson,70150,F,04/12/1956,B,N,25/11/1992,05/02/1993,31/01/2013,130
Elvisa,Elvisason,70151,F,02/01/1960,A,N,21/12/2005,04/01/2006,31/12/2018,80
Elyse,Elyseson,70152,F,12/07/1960,B,N,05/07/1991,07/09/1991,31/08/2016,160
Ema-Louisa,Ema-Louisason,70153,F,08/06/1958,A,N,30/05/1994,13/11/1994,07/11/2018,160
Emiko,Emikoson,70154,F,05/04/1962,A,N,22/03/2016,22/01/2017,31/12/2018,10
Emilee,Emileeson,70155,F,26/03/1967,B,N,15/03/2008,04/11/2008,31/12/2018,60
Emiline,Emilineson,70156,F,24/04/1955,A,N,11/04/2006,30/09/2006,31/12/2018,80
Emmeline,Emmelineson,70157,F,01/01/1964,A,N,20/12/2008,04/09/2009,03/09/2013,20
Eneka,Enekason,70158,F,16/06/1963,B,N,07/06/1998,04/06/1999,31/12/2018,130
Errin,Errinson,70159,F,11/04/1968,A,N,30/03/2019,27/01/2020,31/12/2018,-715.98
Esme,Esmeson,70160,F,14/03/1969,B,N,04/03/2008,01/01/2009,31/12/2018,60
Ethel,Ethelson,70161,F,16/01/1957,A,N,11/01/1978,23/12/1978,19/12/1994,100
Euda,Eudason,70162,F,08/12/1959,A,N,02/12/1980,04/06/1981,03/06/1985,20
Evette,Evetteson,70163,F,28/05/1966,A,N,17/05/2011,24/10/2011,31/12/2018,40
Ewa,Ewason,70164,F,13/10/1963,B,N,01/10/2010,03/10/2011,02/10/2013,10
Ewanna,Ewannason,70165,F,17/06/1961,B,N,12/06/1982,03/07/1983,02/07/1987,20
Ezmie,Ezmieson,70166,F,11/04/1961,A,N,06/04/1983,20/07/1983,16/07/1998,100
Faiza,Faizason,70167,F,15/07/1964,A,N,06/07/2002,13/05/2003,11/05/2011,50
Fanny,Fannyson,70168,F,06/02/1956,A,N,23/01/2009,18/02/2009,31/12/2018,60
Fanriye,Fanriyeson,70169,F,13/03/1958,A,N,01/03/2007,24/03/2008,31/12/2018,70
Fara,Farason,70170,F,01/03/1957,C,N,24/02/1979,08/07/1979,05/07/1988,60
Farahnaz,Farahnazson,70171,F,13/08/1962,A,N,03/08/2002,18/05/2003,31/12/2018,100
Fareha,Farehason,70172,F,23/01/1956,A,N,10/01/2008,02/10/2008,31/12/2018,60
Farina,Farinason,70173,F,08/03/1967,A,N,25/02/2009,27/03/2009,25/03/2018,60
Farran,Farranson,70174,F,06/12/1959,A,N,29/11/1984,06/05/1985,30/04/2008,150
Farrukh,Farrukhson,70175,F,24/09/1967,B,N,13/09/2010,15/12/2010,14/12/2014,20
Farzana,Farzanason,70176,F,03/03/1969,B,N,18/02/2023,18/08/2023,31/12/2018,-30
Farzhane,Farzhaneson,70177,F,26/09/1956,A,N,17/09/1992,13/07/1993,12/07/1997,20
Fateha,Fatehason,70178,F,29/09/1958,A,N,22/09/1987,03/10/1987,29/09/2000,80
Fatima,Fatimason,70179,F,19/01/1958,A,N,12/01/1987,24/01/1988,19/01/2007,120
Fauzia,Fauziason,70180,F,12/02/1965,B,N,04/02/1998,25/12/1998,20/12/2018,130
Feda,Fedason,70181,F,17/09/1955,A,N,10/09/1983,08/02/1984,05/02/1994,60
Felicia,Feliciason,70182,F,15/03/1967,B,N,03/03/2012,28/10/2012,31/12/2018,40
Fereshteh,Fereshtehson,70183,F,28/07/1961,A,N,20/07/1993,13/05/1994,10/05/2005,70
Ferizanah,Ferizanahson,70184,F,10/11/1957,A,N,01/11/1992,18/05/1993,12/05/2018,160
Fionaann,Fionaannson,70185,F,23/06/1965,B,N,17/06/1989,01/12/1989,27/11/2006,110
Fionnuala,Fionnualason,70186,F,20/08/1957,A,N,11/08/1993,03/07/1994,29/06/2008,90
Firdoz,Firdozson,70187,F,09/09/1958,A,N,30/08/1998,28/08/1999,31/12/2018,120
Fleur,Fleurson,70188,F,11/10/1968,B,N,03/10/2003,10/12/2003,31/12/2018,100
Florence,Florenceson,70189,F,17/06/1967,A,N,08/06/2003,07/07/2004,31/12/2018,90
Folasade,Folasadeson,70190,F,03/09/1958,B,N,28/08/1982,06/12/1982,30/11/2006,160
Fozia,Foziason,70191,F,15/12/1962,A,N,09/12/1984,29/03/1985,29/03/1987,10
Fozzia,Fozziason,70192,F,08/02/1956,A,N,03/02/1974,16/03/1974,11/03/1994,130
Francene,Franceneson,70193,F,02/11/1958,A,N,25/10/1991,09/11/1991,06/11/2002,70
Franchesca,Franchescason,70194,F,04/04/1959,B,N,28/03/1985,04/11/1985,31/10/2001,100
Francise,Franciseson,70195,F,05/01/1958,B,N,27/12/1995,23/02/1996,21/02/2003,40
Franscesca,Franscescason,70196,F,21/06/1960,A,N,13/06/1993,01/12/1993,01/12/1995,10
Freeda,Freedason,70197,F,15/12/1963,A,N,08/12/1988,28/02/1989,26/02/1997,50
Freeha,Freehason,70198,F,28/03/1962,A,N,16/03/2008,25/06/2008,24/06/2015,40
Ga,Gason,70199,F,20/03/1964,A,N,12/03/1996,13/10/1996,08/10/2016,130
Gaia,Gaiason,70200,F,27/03/1965,C,N,21/03/1990,16/11/1990,11/11/2009,120
Gale,Galeson,70201,F,15/05/1967,A,N,02/05/2017,15/05/2018,31/12/2018,420.09
Gamuchirai,Gamuchiraison,70202,F,04/07/1967,A,N,23/06/2008,14/06/2009,13/06/2014,30
Gar,Garson,70203,F,01/01/1959,A,N,18/12/2013,25/03/2014,31/12/2018,30
Gay,Gayson,70204,F,04/05/1955,A,N,28/04/1976,10/12/1976,10/12/1978,10
Gayla,Gaylason,70205,F,19/05/1961,B,N,10/05/1998,05/06/1999,31/12/2018,130
Gayna,Gaynason,70206,F,16/12/1959,B,N,07/12/1994,22/01/1995,21/01/2000,30
Genna,Gennason,70207,F,06/03/1957,A,N,26/02/1991,17/06/1991,13/06/2004,80
Gerarldine,Gerarldineson,70208,F,01/11/1956,A,N,23/10/1994,27/11/1995,26/11/1997,10
Ghazala,Ghazalason,70209,F,10/07/1967,A,N,27/06/2019,15/12/2019,31/12/2018,-637.44
Ghazla,Ghazlason,70210,F,13/08/1961,B,N,08/08/1981,24/08/1981,22/08/1988,40
Gilan,Gilanson,70211,F,22/10/1961,A,N,16/10/1986,21/09/1987,17/09/2003,100
Ginanne,Ginanneson,70212,F,05/03/1956,B,N,24/02/1996,28/03/1997,31/12/2018,140
Ginette,Ginetteson,70213,F,09/07/1955,A,N,28/06/1997,26/01/1998,25/01/2003,30
Ginny,Ginnyson,70214,F,14/04/1967,A,N,03/04/2011,13/01/2012,31/12/2018,40
Gioia,Gioiason,70215,F,26/12/1956,B,N,18/12/1991,22/04/1992,19/04/2007,100
Gisella,Gisellason,70216,F,02/09/1955,A,N,26/08/1982,03/02/1983,01/02/1991,50
Giulietta,Giuliettason,70217,F,22/02/1968,A,N,14/02/1997,11/03/1997,10/03/2003,40
Glynis,Glynisson,70218,F,25/06/1956,B,N,18/06/1984,09/12/1984,08/12/1988,20
Graceanne,Graceanneson,70219,F,25/09/1968,A,N,12/09/2023,14/07/2024,31/12/2018,-30
Grena,Grenason,70220,F,24/10/1964,B,N,13/10/2011,22/09/2012,31/12/2018,40
Griselda,Griseldason,70221,F,29/05/1967,A,N,23/05/1989,21/01/1990,15/01/2013,150
Gul-Afroze,Gul-Afrozeson,70222,F,06/10/1966,A,N,25/09/2011,16/04/2012,31/12/2018,40
Gurdayia,Gurdayiason,70223,F,12/02/1966,A,N,01/02/2009,08/07/2009,31/12/2018,60
Gurtheara,Gurthearason,70224,F,25/05/1955,B,N,16/05/1988,13/07/1988,08/07/2011,150
Gurujit,Gurujitson,70225,F,30/09/1967,B,N,16/09/2022,22/03/2023,31/12/2018,-20
Gwenda,Gwendason,70226,F,21/03/1969,A,N,14/03/1998,30/05/1998,29/05/2001,20
Gwendolyn,Gwendolynson,70227,F,30/09/1965,A,N,24/09/1989,13/07/1990,11/07/1998,50
Hadeel,Hadeelson,70228,F,10/06/1963,A,N,30/05/2006,08/06/2006,07/06/2009,20
Hailley,Hailleyson,70229,F,13/12/1966,A,N,30/11/2018,21/10/2019,31/12/2018,-536.99
Halay,Halayson,70230,F,05/09/1955,C,N,25/08/1996,30/10/1996,27/10/2011,100
Haleema,Haleemason,70231,F,08/06/1966,A,N,02/06/1989,07/04/1990,02/04/2011,140
Halina,Halinason,70232,F,07/06/1959,A,N,02/06/1977,29/04/1978,25/04/1992,90
Hanne,Hanneson,70233,F,23/07/1968,A,N,12/07/2012,11/02/2013,31/12/2018,30
Hardeep,Hardeepson,70234,F,18/11/1955,A,N,07/11/1999,16/11/1999,31/12/2018,120
Harinder,Harinderson,70235,F,21/06/1959,B,N,09/06/2005,24/12/2005,22/12/2012,40
Hasel,Haselson,70236,F,20/11/1955,B,N,11/11/1991,07/10/1992,06/10/1997,30
Hay,Hayson,70237,F,06/09/1955,A,N,27/08/1993,31/08/1993,28/08/2007,90
Hayley-Marie,Hayley-Marieson,70238,F,21/12/1959,A,N,08/12/2011,09/05/2012,31/12/2018,40
Hayzl,Hayzlson,70239,F,29/05/1963,A,N,21/05/1992,20/01/1993,18/01/2001,50
Hazel-Jayne,Hazel-Jayneson,70240,F,20/07/1962,B,N,13/07/1989,19/05/1990,13/05/2013,150
Hazell,Hazellson,70241,F,08/09/1962,A,N,30/08/1996,11/10/1996,09/10/2005,60
Hedvig,Hedvigson,70242,F,31/03/1959,B,N,23/03/1988,04/09/1988,03/09/1995,40
Helaine,Helaineson,70243,F,12/09/1965,A,N,02/09/2007,04/09/2008,31/12/2018,60
Helen-Anne,Helen-Anneson,70244,F,20/09/1964,A,N,12/09/1996,25/06/1997,31/12/2018,140
Helen-Louise,Helen-Louiseson,70245,F,17/06/1959,B,N,03/06/2012,30/04/2013,29/04/2017,20
Helen-Marie,Helen-Marieson,70246,F,20/07/1964,A,N,11/07/2002,04/11/2002,31/12/2018,100
Helenbarbara,Helenbarbarason,70247,F,05/11/1967,A,N,30/10/1989,14/11/1990,11/11/2003,80
Helene,Heleneson,70248,F,04/04/1957,B,N,31/03/1975,11/02/1976,10/02/1977,666.67
Helga,Helgason,70249,F,28/11/1958,A,N,18/11/1997,25/11/1998,25/11/1999,666.67
Hellen,Hellenson,70250,F,10/10/1960,B,N,27/09/2014,06/07/2015,31/12/2018,20
Heloise,Heloiseson,70251,F,21/05/1959,A,N,12/05/1994,05/09/1994,03/09/2000,40
Hinna,Hinnason,70252,F,13/08/1960,A,N,03/08/2001,02/11/2001,31/12/2018,110
Ho,Hoson,70253,F,06/11/1964,A,N,24/10/2018,20/09/2019,31/12/2018,-480.37
Honor,Honorson,70254,F,28/08/1957,B,N,18/08/1997,01/05/1998,30/04/2001,20
Houston,Houstonson,70255,F,15/12/1968,B,N,11/12/1986,24/09/1987,23/09/1991,20
Hu,Huson,70256,F,04/07/1964,A,N,21/06/2019,14/06/2020,31/12/2018,-969.86
Hughena,Hughenason,70257,F,30/08/1957,A,N,17/08/2010,09/02/2011,31/12/2018,50
Hui,Huison,70258,F,25/06/1957,A,N,19/06/1981,06/08/1981,02/08/1996,100
Hulya,Hulyason,70259,F,22/03/1962,A,N,12/03/2002,24/07/2002,20/07/2016,90
Huma,Humason,70260,F,31/08/1957,C,N,20/08/2000,12/03/2001,31/12/2018,110
Ibiene,Ibieneson,70261,F,18/11/1955,A,N,08/11/1994,04/09/1995,02/09/2002,40
Ibtisam,Ibtisamson,70262,F,04/09/1955,A,N,29/08/1978,10/10/1978,05/10/1998,130
Ida,Idason,70263,F,30/04/1958,A,N,25/04/1977,09/07/1977,08/07/1982,30
Ilana,Ilanason,70264,F,24/02/1968,A,N,10/02/2023,14/12/2023,31/12/2018,-30
Ileen,Ileenson,70265,F,17/12/1956,B,N,04/12/2008,04/09/2009,31/12/2018,60
Ileene,Ileeneson,70266,F,18/11/1955,B,N,12/11/1977,06/08/1978,31/07/2003,160
Illeish,Illeishson,70267,F,22/05/1964,A,N,12/05/2004,24/12/2004,31/12/2018,90
Inger,Ingerson,70268,F,16/06/1967,A,N,02/06/2020,25/02/2021,31/12/2018,-10
Insha,Inshason,70269,F,15/03/1960,A,N,03/03/2011,25/04/2011,24/04/2013,10
Iram,Iramson,70270,F,21/09/1955,B,N,14/09/1983,01/12/1983,24/11/2008,160
Irana,Iranason,70271,F,10/08/1968,A,N,01/08/2006,11/08/2006,09/08/2014,50
Iris,Irisson,70272,F,29/12/1962,B,N,16/12/2014,08/10/2015,31/12/2018,20
Iseabal,Iseabalson,70273,F,11/08/1962,A,N,29/07/2013,15/07/2014,31/12/2018,20
Isma,Ismason,70274,F,22/07/1963,A,N,08/07/2016,22/07/2017,31/12/2018,962.56
Izzaty,Izzatyson,70275,F,09/08/1969,B,N,30/07/2010,02/04/2011,31/03/2016,30
Jackalyn,Jackalynson,70276,F,08/12/1967,A,N,25/11/2019,06/12/2019,31/12/2018,-6210
Jackeline,Jackelineson,70277,F,19/02/1966,A,N,11/02/1998,12/09/1998,09/09/2008,60
Jackelyn,Jackelynson,70278,F,25/02/1961,B,N,18/02/1992,04/01/1993,31/12/2011,120
Jacklyn,Jacklynson,70279,F,19/02/1969,A,N,15/02/1987,03/06/1987,01/06/1993,40
Jacky,Jackyson,70280,F,02/04/1956,B,N,22/03/2000,07/01/2001,04/01/2013,80
Jacquelene,Jacqueleneson,70281,F,12/02/1964,A,N,02/02/2003,11/01/2004,10/01/2008,20
Jacquelina,Jacquelinason,70282,F,17/08/1959,A,N,08/08/1992,23/02/1993,22/02/2000,40
Jacquie,Jacquieson,70283,F,30/10/1963,A,N,24/10/1986,05/07/1987,01/07/2002,100
Jacqulyn,Jacqulynson,70284,F,08/11/1957,B,N,28/10/2002,12/01/2003,09/01/2013,60
Jacy,Jacyson,70285,F,19/08/1969,B,N,14/08/1989,08/06/1990,07/06/1993,20
Jaine,Jaineson,70286,F,10/10/1966,A,N,03/10/1994,04/11/1994,03/11/1998,20
Jaliah,Jaliahson,70287,F,04/03/1968,A,N,23/02/2006,04/08/2006,31/12/2018,80
Jamesina,Jamesinason,70288,F,25/03/1966,A,N,13/03/2013,12/03/2014,31/12/2018,30
Jan-Marie,Jan-Marieson,70289,F,05/05/1958,A,N,21/04/2013,28/04/2013,31/12/2018,30
Jane-Ann,Jane-Annson,70290,F,27/04/1962,C,N,20/04/1990,30/12/1990,27/12/2002,80
Jane-Ashleigh,Jane-Ashleighson,70291,F,06/08/1964,A,N,27/07/2007,01/06/2008,31/12/2018,70
Jane-Claire,Jane-Claireson,70292,F,26/04/1957,A,N,18/04/1991,22/06/1991,18/06/2004,80
Janene,Janeneson,70293,F,06/03/1956,A,N,26/02/1989,19/07/1989,13/07/2013,160
Janessa,Janessason,70294,F,08/07/1960,A,N,25/06/2013,24/12/2013,31/12/2018,30
Janet-Ann,Janet-Annson,70295,F,09/01/1965,B,N,27/12/2019,04/10/2020,31/12/2018,-10
Janey,Janeyson,70296,F,27/03/1966,B,N,17/03/2005,07/06/2005,31/12/2018,90
Janina,Janinason,70297,F,11/09/1966,A,N,31/08/2009,28/02/2010,31/12/2018,50
Janna,Jannason,70298,F,06/02/1962,A,N,29/01/1993,20/12/1993,15/12/2012,120
Jannel,Jannelson,70299,F,14/01/1962,A,N,07/01/1990,17/11/1990,11/11/2013,150
Jannine,Jannineson,70300,F,10/11/1956,B,N,01/11/1994,30/11/1994,26/11/2011,110
Jaqualeen,Jaqualeenson,70301,F,23/08/1966,A,N,10/08/2017,18/01/2018,31/12/2018,633.79
Jaque,Jaqueson,70302,F,25/03/1957,B,N,15/03/1996,29/11/1996,24/11/2016,130
Jas,Jasson,70303,F,01/02/1967,A,N,20/01/2013,23/08/2013,31/12/2018,30
Jasbir,Jasbirson,70304,F,25/02/1958,A,N,14/02/2004,14/05/2004,12/05/2013,60
Jasmeen,Jasmeenson,70305,F,19/12/1955,B,N,11/12/1986,28/04/1987,26/04/1993,40
Jasvir,Jasvirson,70306,F,30/11/1963,A,N,24/11/1985,17/05/1986,12/05/2007,140
Jayde,Jaydeson,70307,F,25/02/1956,A,N,20/02/1974,04/01/1975,30/12/1993,120
Jaymie,Jaymieson,70308,F,13/08/1961,B,N,02/08/2005,30/05/2006,29/05/2008,10
Jaynene,Jayneneson,70309,F,09/06/1955,A,N,29/05/1996,02/01/1997,31/12/2018,140
Jaynie,Jaynieson,70310,F,15/07/1964,B,N,11/07/1983,27/01/1984,25/01/1991,40
Jeana,Jeanason,70311,F,25/12/1961,A,N,12/12/2015,11/12/2016,31/12/2018,10
Jeanne,Jeanneson,70312,F,12/09/1960,A,N,30/08/2013,24/09/2013,31/12/2018,30
Jeannie,Jeannieson,70313,F,04/10/1963,A,N,25/09/1996,16/05/1997,12/05/2014,110
Jeetender,Jeetenderson,70314,F,22/03/1969,B,N,09/03/2021,15/11/2021,31/12/2018,-10
Jena,Jenason,70315,F,26/05/1966,B,N,21/05/1987,17/02/1988,12/02/2006,120
Jeni,Jenison,70316,F,10/02/1956,A,N,03/02/1982,14/11/1982,13/11/1986,20
Jeniffer,Jenifferson,70317,F,14/01/1969,A,N,01/01/2021,13/04/2021,31/12/2018,-10
Jennefer,Jenneferson,70318,F,16/09/1960,A,N,05/09/2004,28/12/2004,31/12/2018,90
Jenner,Jennerson,70319,F,18/06/1962,A,N,11/06/1989,10/11/1989,10/11/1991,10
Jenniffer,Jennifferson,70320,F,01/06/1969,C,N,26/05/1995,22/09/1995,16/09/2016,140
Jillian-Selene,Jillian-Seleneson,70321,F,12/03/1960,A,N,01/03/2004,11/01/2005,08/01/2017,80
Jilly,Jillyson,70322,F,14/01/1961,A,N,06/01/1993,11/05/1993,08/05/2006,80
Joane,Joaneson,70323,F,05/11/1960,A,N,31/10/1982,11/07/1983,05/07/2004,140
Joclyn,Joclynson,70324,F,23/08/1960,A,N,17/08/1987,25/06/1988,24/06/1993,30
Jodanna,Jodannason,70325,F,20/08/1955,B,N,14/08/1977,07/11/1977,03/11/1993,100
Jodi-Ann,Jodi-Annson,70326,F,15/01/1959,B,N,07/01/1991,25/08/1991,23/08/1999,50
Jodie-Ann,Jodie-Annson,70327,F,23/08/1963,A,N,10/08/2013,20/05/2014,31/12/2018,30
Jodilia,Jodiliason,70328,F,09/03/1961,A,N,26/02/2006,21/12/2006,31/12/2018,80
Jodine,Jodineson,70329,F,02/11/1959,A,N,24/10/1995,02/07/1996,01/07/2001,30
Jody-Ann,Jody-Annson,70330,F,07/10/1958,B,N,01/10/1982,25/08/1983,19/08/2006,150
Joelle,Joelleson,70331,F,31/03/1959,A,N,24/03/1985,19/04/1985,17/04/1995,60
Joey,Joeyson,70332,F,28/02/1965,B,N,15/02/2018,12/08/2018,31/12/2018,257.53
Johnann,Johnannson,70333,F,22/10/1955,A,N,10/10/2000,21/01/2001,20/01/2007,40
Johrene,Johreneson,70334,F,31/05/1965,A,N,20/05/2008,02/10/2008,31/12/2018,60
Jolyne,Jolyneson,70335,F,15/07/1958,B,N,10/07/1979,03/01/1980,02/01/1984,20
Jonelle,Jonelleson,70336,F,25/10/1966,A,N,12/10/2018,06/12/2018,31/12/2018,45.66
Jonie,Jonieson,70337,F,14/08/1958,A,N,03/08/2003,10/04/2004,07/04/2018,90
Jordan,Jordanson,70338,F,24/11/1965,B,N,19/11/1985,01/06/1986,29/05/1998,80
Josanne,Josanneson,70339,F,13/01/1968,A,N,30/12/2020,28/12/2021,31/12/2018,-10
Josie,Josieson,70340,F,12/06/1956,B,N,07/06/1978,18/10/1978,18/10/1979,666.67
Juanita,Juanitason,70341,F,25/11/1956,A,N,17/11/1988,01/10/1989,29/09/1998,60
Julianna,Juliannason,70342,F,15/04/1961,A,N,02/04/2015,31/12/2015,31/12/2018,20
Julie-Louise,Julie-Louiseson,70343,F,17/07/1966,A,N,04/07/2018,01/12/2018,31/12/2018,54.79
Julieanne,Julieanneson,70344,F,12/10/1958,B,N,05/10/1985,10/12/1985,08/12/1994,60
Julien,Julienson,70345,F,11/03/1969,B,N,03/03/2002,22/09/2002,20/09/2009,40
Julliette,Jullietteson,70346,F,15/04/1957,A,N,09/04/1982,09/04/1982,08/04/1984,10
Justene,Justeneson,70347,F,16/05/1966,A,N,08/05/1996,09/10/1996,04/10/2018,140
Justyna,Justynason,70348,F,28/04/1956,A,N,15/04/2010,22/05/2010,21/05/2012,10
Jyothi,Jyothison,70349,F,04/12/1963,A,N,24/11/2003,09/07/2004,07/07/2012,50
Ka,Kason,70350,F,06/02/1959,C,N,23/01/2013,30/09/2013,31/12/2018,30
Kaara,Kaarason,70351,F,16/08/1957,A,N,11/08/1977,07/10/1977,04/10/1991,90
Kaat,Kaatson,70352,F,23/10/1966,A,N,18/10/1987,29/05/1988,27/05/1996,50
Kahleen,Kahleenson,70353,F,20/05/1969,A,N,15/05/1991,09/08/1991,08/08/1993,10
Kaisey,Kaiseyson,70354,F,04/11/1956,A,N,26/10/1992,30/05/1993,25/05/2012,120
Kaleen,Kaleenson,70355,F,17/04/1966,B,N,03/04/2021,27/06/2021,31/12/2018,-10
Kalsoom,Kalsoomson,70356,F,04/09/1964,B,N,23/08/2012,06/11/2012,31/12/2018,40
Kamaljit,Kamaljitson,70357,F,22/03/1961,A,N,18/03/1979,30/03/1980,28/03/1988,50
Kanwal,Kanwalson,70358,F,27/07/1969,A,N,14/07/2023,04/01/2024,31/12/2018,-30
Karan,Karanson,70359,F,22/12/1955,A,N,08/12/2010,06/03/2011,31/12/2018,50
Karelyn,Karelynson,70360,F,30/11/1956,B,N,23/11/1984,07/02/1985,01/02/2009,160
Karen-Ann,Karen-Annson,70361,F,30/12/1960,A,N,21/12/1999,14/07/2000,12/07/2008,50
Karena,Karenason,70362,F,13/02/1965,B,N,08/02/1987,12/04/1987,11/04/1988,666.67
Karessa,Karessason,70363,F,29/10/1956,A,N,24/10/1977,07/11/1978,04/11/1989,70
Karianne,Karianneson,70364,F,11/01/1963,A,N,05/01/1986,22/10/1986,21/10/1989,20
Karinna,Karinnason,70365,F,12/11/1967,B,N,05/11/1995,21/07/1996,20/07/2002,40
Karleen,Karleenson,70366,F,23/01/1960,A,N,10/01/2011,03/05/2011,01/05/2017,40
Karlijn,Karlijnson,70367,F,13/03/1955,A,N,03/03/1993,19/03/1993,18/03/1998,30
Karol,Karolson,70368,F,14/02/1957,B,N,02/02/2006,19/05/2006,31/12/2018,80
Karon,Karonson,70369,F,26/05/1966,A,N,18/05/1996,09/06/1997,08/06/2003,40
Karra,Karrason,70370,F,11/05/1969,B,N,06/05/1990,14/03/1991,08/03/2013,140
Karri,Karrison,70371,F,11/03/1959,A,N,03/03/1991,02/10/1991,28/09/2006,100
Karrina,Karrinason,70372,F,30/04/1959,A,N,23/04/1984,27/05/1985,26/05/1991,40
Karron,Karronson,70373,F,20/11/1957,A,N,07/11/2009,21/04/2010,20/04/2014,20
Kasha,Kashason,70374,F,19/02/1969,B,N,06/02/2023,14/02/2024,31/12/2018,-30
Katerina,Katerinason,70375,F,19/04/1969,B,N,06/04/2023,14/10/2023,31/12/2018,-30
Kathalene,Kathaleneson,70376,F,23/10/1963,A,N,12/10/2004,07/12/2004,06/12/2008,20
Katherine-Anne,Katherine-Anneson,70377,F,13/02/1964,A,N,01/02/2012,05/02/2013,31/12/2018,30
Katheryn,Katherynson,70378,F,02/01/1956,A,N,25/12/1985,09/12/1986,03/12/2011,160
Kathy,Kathyson,70379,F,11/03/1961,A,N,05/03/1987,09/12/1987,03/12/2008,140
Kati,Katison,70380,F,30/08/1959,C,N,24/08/1983,17/07/1984,17/07/1986,10
Katie-Jane,Katie-Janeson,70381,F,17/05/1961,A,N,08/05/1998,01/06/1998,30/05/2006,50
Katja,Katjason,70382,F,12/05/1962,A,N,29/04/2014,13/10/2014,31/12/2018,20
Katrena,Katrenason,70383,F,26/05/1957,A,N,21/05/1979,21/06/1979,19/06/1984,30
Katrona,Katronason,70384,F,27/06/1956,A,N,19/06/1991,17/10/1991,14/10/2003,80
Kawaljeat,Kawaljeatson,70385,F,15/04/1968,B,N,04/04/2015,31/07/2015,31/12/2018,20
Kaya,Kayason,70386,F,27/12/1957,B,N,17/12/1996,25/05/1997,23/05/2005,50
Kazia,Kaziason,70387,F,02/02/1957,A,N,25/01/1990,16/02/1990,11/02/2009,120
Keara,Kearason,70388,F,19/11/1955,A,N,09/11/1993,26/08/1994,24/08/2002,50
Kellar,Kellarson,70389,F,09/10/1966,A,N,25/09/2021,12/07/2022,31/12/2018,-20
Kelleigh,Kelleighson,70390,F,21/12/1963,B,N,16/12/1982,03/03/1983,28/02/1995,80
Kellie-Margaret,Kellie-Margaretson,70391,F,20/06/1962,A,N,12/06/1992,10/12/1992,04/12/2017,160
Kelly-Jane,Kelly-Janeson,70392,F,07/02/1960,B,N,30/01/1991,28/12/1991,27/12/1994,20
Kemya,Kemyason,70393,F,17/03/1966,A,N,05/03/2013,23/04/2013,23/04/2014,666.67
Kenagh,Kenaghson,70394,F,21/07/1955,A,N,15/07/1977,16/08/1977,13/08/1988,70
Kendal,Kendalson,70395,F,27/12/1966,B,N,15/12/2014,25/09/2015,31/12/2018,20
Kenna-Marie,Kenna-Marieson,70396,F,03/04/1969,A,N,25/03/2007,03/11/2007,31/12/2018,70
Kenniflya,Kenniflyason,70397,F,26/07/1959,A,N,13/07/2011,16/07/2012,31/12/2018,40
Kered,Keredson,70398,F,30/07/1955,B,N,21/07/1988,12/11/1988,12/11/1991,20
Kerenza,Kerenzason,70399,F,19/09/1955,A,N,14/09/1974,01/09/1975,26/08/1998,150
Kerie,Kerieson,70400,F,30/01/1959,B,N,19/01/2001,12/10/2001,09/10/2014,80
Kerina,Kerinason,70401,F,22/03/1968,A,N,12/03/2008,17/10/2008,31/12/2018,60
Kerreen,Kerreenson,70402,F,19/11/1958,A,N,06/11/2011,08/01/2012,07/01/2014,10
Kerri-Ann,Kerri-Annson,70403,F,07/03/1958,A,N,25/02/1998,17/05/1998,31/12/2018,130
Kerriann,Kerriannson,70404,F,06/11/1956,B,N,24/10/2010,19/05/2011,31/12/2018,50
Kerrie-Jane,Kerrie-Janeson,70405,F,27/07/1966,B,N,14/07/2019,16/04/2020,31/12/2018,-862.1
Kerry-Lea,Kerry-Leason,70406,F,03/02/1967,A,N,21/01/2017,30/12/2017,31/12/2018,668.49
Kerry-Lou,Kerry-Louson,70407,F,15/04/1956,A,N,09/04/1981,26/07/1981,23/07/1994,80
Kerryann,Kerryannson,70408,F,30/03/1959,A,N,19/03/2001,09/12/2001,31/12/2018,110
Kerstin,Kerstinson,70409,F,29/04/1967,A,N,24/04/1987,09/05/1988,09/05/1990,10
Kezban,Kezbanson,70410,F,05/12/1966,C,N,28/11/1993,11/12/1993,07/12/2009,100
Khadeifa,Khadeifason,70411,F,28/05/1962,A,N,17/05/2007,06/04/2008,31/12/2018,70
Khalidah,Khalidahson,70412,F,14/04/1962,A,N,02/04/2011,13/01/2012,31/12/2018,40
Kieley,Kieleyson,70413,F,25/05/1964,A,N,17/05/1997,18/05/1997,17/05/2003,40
Kiera,Kierason,70414,F,05/06/1964,A,N,29/05/1993,12/10/1993,08/10/2010,110
Kileen,Kileenson,70415,F,24/03/1965,B,N,15/03/2001,20/10/2001,31/12/2018,110
Kimberley-Anne,Kimberley-Anneson,70416,F,12/10/1967,B,N,29/09/2016,25/05/2017,31/12/2018,10
Kimberly-Anne,Kimberly-Anneson,70417,F,09/06/1969,A,N,29/05/2014,09/12/2014,31/12/2018,20
Kin,Kinson,70418,F,18/07/1957,A,N,13/07/1978,16/05/1979,11/05/1997,120
Kirntosh,Kirntoshson,70419,F,28/10/1969,A,N,21/10/1999,24/03/2000,24/03/2001,666.67
Kirstan,Kirstanson,70420,F,29/06/1962,B,N,15/06/2017,13/03/2018,31/12/2018,535.16
Kirste,Kirsteson,70421,F,06/02/1961,A,N,24/01/2015,16/01/2016,31/12/2018,10
Kirsteen-Ann,Kirsteen-Annson,70422,F,15/05/1956,B,N,08/05/1986,16/01/1987,13/01/1997,60
Kirstein,Kirsteinson,70423,F,29/03/1965,A,N,23/03/1988,03/04/1989,01/04/1996,40
Kirstien,Kirstienson,70424,F,03/02/1965,A,N,29/01/1987,23/04/1987,16/04/2012,160
Kirsty-Jane,Kirsty-Janeson,70425,F,23/10/1967,B,N,11/10/2012,20/02/2013,31/12/2018,30
Kirstyana,Kirstyanason,70426,F,01/08/1964,A,N,23/07/2002,04/02/2003,03/02/2006,20
Kirstyne,Kirstyneson,70427,F,14/12/1965,A,N,05/12/2003,09/10/2004,08/10/2010,40
Kizzy,Kizzyson,70428,F,01/06/1964,B,N,24/05/1999,21/04/2000,21/04/2002,10
Klaire,Klaireson,70429,F,28/05/1957,A,N,18/05/1996,07/06/1997,04/06/2009,80
Klarrisa,Klarrisason,70430,F,03/01/1955,B,N,29/12/1972,03/02/1973,31/01/1987,90
Komal,Komalson,70431,F,16/09/1961,A,N,10/09/1987,10/02/1988,05/02/2008,130
Korena,Korenason,70432,F,15/08/1962,A,N,06/08/1999,12/07/2000,11/07/2006,40
Korin,Korinson,70433,F,26/01/1958,A,N,18/01/1989,18/09/1989,16/09/1998,60
Krecia,Kreciason,70434,F,14/09/1960,B,N,05/09/1997,25/06/1998,23/06/2004,40
Krisann,Krisannson,70435,F,29/08/1965,B,N,17/08/2012,27/12/2012,27/12/2015,20
Kristeen,Kristeenson,70436,F,08/09/1967,A,N,01/09/1994,08/01/1995,02/01/2017,140
Kristyn,Kristynson,70437,F,10/06/1960,A,N,03/06/1990,05/04/1991,02/04/2003,80
Krysia,Krysiason,70438,F,29/06/1955,A,N,16/06/2007,04/02/2008,03/02/2012,20
Krysta,Krystason,70439,F,09/10/1969,A,N,01/10/2002,18/02/2003,31/12/2018,100
Krystyna,Krystynason,70440,F,16/01/1955,C,N,08/01/1988,09/04/1988,07/04/1997,60
Kunti,Kuntison,70441,F,10/09/1960,A,N,02/09/1992,09/10/1992,06/10/2007,100
Kyllie,Kyllieson,70442,F,27/05/1966,A,N,14/05/2019,25/04/2020,31/12/2018,-878.54
Kymm,Kymmson,70443,F,11/02/1958,A,N,02/02/1993,07/07/1993,02/07/2012,120
Kyra,Kyrason,70444,F,28/07/1961,A,N,21/07/1988,03/07/1989,27/06/2012,150
Kyrene,Kyreneson,70445,F,27/07/1967,B,N,17/07/2005,28/02/2006,31/12/2018,80
Laeanna,Laeannason,70446,F,28/10/1956,B,N,17/10/2002,26/11/2002,31/12/2018,100
Laehann,Laehannson,70447,F,03/12/1961,A,N,24/11/1999,26/07/2000,23/07/2015,100
Lakshmi,Lakshmison,70448,F,10/12/1968,A,N,02/12/2000,24/06/2001,22/06/2010,60
Landa,Landason,70449,F,08/11/1965,A,N,29/10/2004,11/10/2005,31/12/2018,80
Laney,Laneyson,70450,F,17/02/1967,B,N,12/02/1985,15/06/1985,12/06/1999,90
Lanna,Lannason,70451,F,25/02/1964,A,N,11/02/2019,18/12/2019,31/12/2018,-642.92
Larah,Larahson,70452,F,29/07/1960,B,N,21/07/1993,02/02/1994,27/01/2017,150
Larrayne,Larrayneson,70453,F,17/08/1962,A,N,07/08/2001,21/11/2001,31/12/2018,110
Laura-Lee,Laura-Leeson,70454,F,01/05/1968,A,N,23/04/2003,02/12/2003,28/11/2017,90
Laura-Louise,Laura-Louiseson,70455,F,14/04/1955,B,N,05/04/1989,20/04/1989,19/04/1995,40
Laura-Marie,Laura-Marieson,70456,F,16/12/1962,A,N,11/12/1981,05/11/1982,04/11/1985,20
Lauran,Lauranson,70457,F,02/06/1962,A,N,25/05/1993,20/11/1993,15/11/2012,120
Laurane,Lauraneson,70458,F,15/02/1962,B,N,08/02/1992,13/02/1992,10/02/2003,70
Laureen,Laureenson,70459,F,23/02/1960,A,N,18/02/1980,26/03/1980,25/03/1987,40
Laurena,Laurenason,70460,F,20/03/1962,B,N,14/03/1987,01/12/1987,30/11/1988,666.67
Lauri,Laurison,70461,F,29/03/1963,A,N,18/03/2006,15/04/2007,12/04/2016,60
Laurinda,Laurindason,70462,F,02/03/1961,A,N,19/02/2008,08/06/2008,31/12/2018,70
Lauryn,Laurynson,70463,F,22/02/1968,A,N,15/02/1994,14/01/1995,11/01/2008,80
Lavinia,Laviniason,70464,F,14/11/1964,B,N,05/11/2003,21/10/2004,19/10/2014,60
Lawrene,Lawreneson,70465,F,05/10/1961,B,N,28/09/1989,15/08/1990,10/08/2010,130
Le-Ann,Le-Annson,70466,F,10/11/1965,A,N,28/10/2017,30/11/2018,31/12/2018,56.62
Le-Anne,Le-Anneson,70467,F,23/02/1956,A,N,15/02/1988,18/09/1988,15/09/2000,80
Lea-Ann,Lea-Annson,70468,F,02/04/1968,A,N,24/03/2004,05/10/2004,02/10/2018,90
Leahann,Leahannson,70469,F,29/09/1963,A,N,15/09/2018,15/02/2019,31/12/2018,-84.02
Leahanne,Leahanneson,70470,F,02/05/1963,C,N,27/04/1983,17/01/1984,13/01/1999,100
Leana,Leanason,70471,F,24/11/1962,A,N,18/11/1987,20/12/1988,14/12/2012,160
Leanda,Leandason,70472,F,21/03/1961,A,N,10/03/2007,28/03/2007,31/12/2018,70
Leasha,Leashason,70473,F,18/11/1964,A,N,07/11/2010,06/05/2011,31/12/2018,50
Leeah,Leeahson,70474,F,18/12/1965,A,N,11/12/1992,04/05/1993,03/05/1997,20
Leeane,Leeaneson,70475,F,01/10/1959,B,N,22/09/1992,14/03/1993,09/03/2012,120
Leeanna,Leeannason,70476,F,25/12/1956,B,N,14/12/2002,28/11/2003,25/11/2015,80
Leia,Leiason,70477,F,17/08/1958,A,N,12/08/1979,28/02/1980,22/02/2002,140
Leian,Leianson,70478,F,10/06/1959,A,N,02/06/1988,30/08/1988,27/08/2000,80
Leiane,Leianeson,70479,F,29/03/1956,A,N,18/03/2000,16/10/2000,16/10/2003,20
Leica,Leicason,70480,F,22/03/1966,B,N,12/03/2007,31/05/2007,30/05/2008,666.67
Leighan,Leighanson,70481,F,07/10/1955,A,N,01/10/1976,04/08/1977,29/07/2002,160
Leilah,Leilahson,70482,F,05/03/1957,B,N,25/02/1992,28/12/1992,26/12/2001,60
Leilla,Leillason,70483,F,19/06/1965,A,N,08/06/2010,22/09/2010,31/12/2018,50
Leizabel,Leizabelson,70484,F,24/09/1969,A,N,11/09/2020,05/12/2020,31/12/2018,-10
Lenora,Lenorason,70485,F,03/05/1962,B,N,25/04/1995,17/05/1995,11/05/2017,140
Leonora,Leonorason,70486,F,13/02/1966,A,N,04/02/2004,06/02/2005,31/12/2018,90
Lesa-Jane,Lesa-Janeson,70487,F,24/10/1966,A,N,14/10/2006,11/01/2007,31/12/2018,70
Lesia,Lesiason,70488,F,23/05/1958,B,N,14/05/1994,11/01/1995,09/01/2004,60
Lesia-Ann,Lesia-Annson,70489,F,15/03/1964,A,N,07/03/1999,18/02/2000,31/12/2018,120
Leslee,Lesleeson,70490,F,29/01/1964,B,N,18/01/2007,09/02/2007,06/02/2018,70
Leslieanne,Leslieanneson,70491,F,09/08/1958,A,N,27/07/2010,24/11/2010,31/12/2018,50
Leyona,Leyonason,70492,F,13/04/1966,A,N,06/04/1995,06/05/1995,03/05/2004,60
Leyonee,Leyoneeson,70493,F,04/07/1960,A,N,21/06/2014,08/03/2015,07/03/2017,10
Leyre,Leyreson,70494,F,08/09/1966,B,N,03/09/1985,26/11/1985,22/11/2000,100
Leza,Lezason,70495,F,14/11/1969,B,N,03/11/2013,09/10/2014,09/10/2015,666.67
Li,Lison,70496,F,27/02/1965,A,N,14/02/2019,14/01/2020,31/12/2018,-692.24
Liah,Liahson,70497,F,06/12/1959,A,N,27/11/1995,01/11/1996,30/10/2006,60
Liann,Liannson,70498,F,27/07/1959,A,N,16/07/2002,30/08/2002,28/08/2008,40
Lichelle,Lichelleson,70499,F,25/01/1966,A,N,18/01/1996,22/10/1996,19/10/2011,100
Lidia,Lidiason,70500,F,03/02/1955,C,N,25/01/1992,05/06/1992,31/05/2014,140
Lileen,Lileenson,70501,F,22/11/1957,A,N,08/11/2012,05/01/2013,31/12/2018,30
Lilias,Liliasson,70502,F,26/03/1959,A,N,15/03/2000,03/04/2001,30/03/2017,100
Lindsay-Anne,Lindsay-Anneson,70503,F,13/01/1958,A,N,03/01/2000,12/12/2000,31/12/2018,120
Lindsey-Anne,Lindsey-Anneson,70504,F,11/03/1958,A,N,27/02/2006,02/04/2007,31/12/2018,70
Linnette,Linnetteson,70505,F,02/05/1965,B,N,18/04/2020,21/04/2021,31/12/2018,-10
Linzie,Linzieson,70506,F,23/10/1962,B,N,11/10/2008,02/12/2008,30/11/2018,60
Liona,Lionason,70507,F,20/03/1955,A,N,07/03/2007,11/03/2007,08/03/2017,60
Lir,Lirson,70508,F,31/10/1957,A,N,21/10/1997,12/11/1997,09/11/2010,80
Lisa-Ann,Lisa-Annson,70509,F,22/07/1961,A,N,16/07/1987,10/02/1988,06/02/2001,80
Lisa-Jayne,Lisa-Jayneson,70510,F,04/10/1965,B,N,20/09/2020,01/05/2021,31/12/2018,-10
Lisann,Lisannson,70511,F,19/11/1960,A,N,08/11/2005,11/09/2006,09/09/2012,40
Lisbeth,Lisbethson,70512,F,23/08/1957,B,N,13/08/1997,04/03/1998,28/02/2013,100
Litza,Litzason,70513,F,29/06/1955,A,N,23/06/1979,19/11/1979,14/11/1997,120
Liza-Joan,Liza-Joanson,70514,F,01/07/1958,A,N,22/06/1994,09/05/1995,08/05/1999,20
Loanne,Loanneson,70515,F,11/08/1966,B,N,31/07/2010,25/07/2011,31/12/2018,40
Loene,Loeneson,70516,F,15/01/1966,A,N,06/01/2004,16/02/2004,31/12/2018,90
Lola,Lolason,70517,F,26/04/1961,A,N,14/04/2010,22/12/2010,31/12/2018,50
Londena,Londenason,70518,F,25/07/1955,B,N,15/07/1993,21/07/1993,17/07/2010,110
Loni,Lonison,70519,F,18/11/1966,A,N,11/11/1993,13/03/1994,07/03/2016,140
Lora,Lorason,70520,F,05/03/1965,B,N,27/02/1991,26/02/1992,25/02/1995,20
Lorayne,Lorayneson,70521,F,09/02/1969,A,N,02/02/1998,29/05/1998,28/05/2000,10
Lorelene,Loreleneson,70522,F,16/06/1962,A,N,04/06/2008,02/08/2008,31/12/2018,60
Lorre,Lorreson,70523,F,08/02/1959,A,N,28/01/2003,09/06/2003,05/06/2018,100
Lorrel,Lorrelson,70524,F,24/11/1969,B,N,13/11/2015,24/03/2016,31/12/2018,10
Lorretta,Lorrettason,70525,F,24/06/1966,B,N,11/06/2016,19/09/2016,31/12/2018,10
Lorri,Lorrison,70526,F,26/04/1959,A,N,17/04/1993,03/05/1993,01/05/2001,50
Luan,Luanson,70527,F,19/04/1961,A,N,05/04/2016,01/04/2017,31/12/2018,10
Luchimee,Luchimeeson,70528,F,05/05/1964,A,N,01/05/1983,18/07/1983,15/07/1995,80
Lucina,Lucinason,70529,F,09/07/1969,A,N,27/06/2018,20/03/2019,31/12/2018,-144.29
Luckbier,Luckbierson,70530,F,03/12/1956,C,N,22/11/2003,13/12/2004,31/12/2018,90
Luella,Luellason,70531,F,29/10/1957,A,N,22/10/1984,29/04/1985,29/04/1986,666.67
Luiza,Luizason,70532,F,22/09/1962,A,N,09/09/2013,05/04/2014,05/04/2015,666.67
Luizi,Luizison,70533,F,25/05/1968,A,N,17/05/2003,28/12/2003,26/12/2011,50
Luse,Luseson,70534,F,31/07/1958,A,N,20/07/2002,13/07/2003,31/12/2018,100
Lyndsey-Anne,Lyndsey-Anneson,70535,F,04/08/1958,B,N,23/07/2004,01/08/2005,31/12/2018,80
Lyndzi,Lyndzison,70536,F,02/08/1961,B,N,23/07/2000,24/07/2001,22/07/2010,60
Lynelle,Lynelleson,70537,F,09/09/1959,A,N,31/08/1994,17/01/1995,12/01/2014,120
Lyneth,Lynethson,70538,F,01/09/1967,A,N,25/08/1992,06/12/1992,03/12/2007,100
Lynfryn,Lynfrynson,70539,F,07/07/1957,A,N,27/06/1997,15/07/1997,10/07/2018,140
Lynn-Anne,Lynn-Anneson,70540,F,12/02/1967,B,N,05/02/1996,15/08/1996,15/08/1997,666.67
Lynn-Marie,Lynn-Marieson,70541,F,18/07/1961,A,N,09/07/1999,27/09/1999,25/09/2005,40
Lynne-Ann,Lynne-Annson,70542,F,28/12/1964,B,N,20/12/1997,29/01/1998,27/01/2007,60
Lynnslie,Lynnslieson,70543,F,30/10/1958,A,N,21/10/1992,17/09/1993,11/09/2018,160
Lynsday,Lynsdayson,70544,F,12/03/1955,A,N,02/03/1992,07/12/1992,03/12/2010,120
Lynsey-Ann,Lynsey-Annson,70545,F,25/08/1956,B,N,12/08/2008,02/06/2009,01/06/2013,20
Lynsie,Lynsieson,70546,F,13/09/1957,A,N,06/09/1987,15/11/1987,09/11/2010,150
Mabel,Mabelson,70547,F,11/12/1964,A,N,28/11/2018,28/07/2019,31/12/2018,-381.74
Machelle,Machelleson,70548,F,17/05/1963,B,N,03/05/2017,30/12/2017,31/12/2018,668.49
Madelene,Madeleneson,70549,F,14/04/1966,A,N,05/04/2001,17/07/2001,31/12/2018,110
Madeline,Madelineson,70550,F,17/09/1958,B,N,05/09/2007,19/05/2008,31/12/2018,70
Mae,Maeson,70551,F,11/03/1966,A,N,25/02/2021,29/03/2021,31/12/2018,-10
Mai-Li,Mai-Lison,70552,F,24/08/1968,A,N,18/08/1993,25/08/1993,23/08/2002,60
Maie,Maieson,70553,F,04/03/1967,A,N,25/02/1995,15/10/1995,10/10/2015,130
Maisie,Maisieson,70554,F,08/05/1964,B,N,04/05/1983,10/07/1983,06/07/1996,80
Maisoon,Maisoonson,70555,F,21/09/1969,B,N,09/09/2016,01/02/2017,31/12/2018,10
Majella,Majellason,70556,F,28/12/1962,A,N,15/12/2015,01/04/2016,01/04/2018,10
Majida,Majidason,70557,F,17/10/1966,A,N,10/10/1992,22/10/1992,18/10/2008,100
Malinda,Malindason,70558,F,22/01/1969,A,N,14/01/2002,27/06/2002,31/12/2018,110
Malissa,Malissason,70559,F,20/12/1957,A,N,13/12/1985,09/05/1986,04/05/2007,140
Mamona,Mamonason,70560,F,15/04/1958,C,N,04/04/2001,11/04/2001,09/04/2011,60
Mamuna,Mamunason,70561,F,30/03/1963,A,N,24/03/1987,12/11/1987,09/11/1996,60
Manal,Manalson,70562,F,02/11/1955,A,N,27/10/1976,20/07/1977,16/07/1993,100
Mandi,Mandison,70563,F,11/12/1962,A,N,29/11/2009,08/09/2010,06/09/2018,50
Manira,Manirason,70564,F,25/03/1963,A,N,20/03/1983,15/11/1983,12/11/1994,70
Manisha,Manishason,70565,F,10/09/1959,B,N,29/08/2005,25/04/2006,24/04/2010,20
Manjit,Manjitson,70566,F,15/11/1969,B,N,02/11/2023,15/11/2023,31/12/2018,-30
Mannayia,Mannayiason,70567,F,08/02/1957,A,N,27/01/2006,17/01/2007,31/12/2018,70
Manpal,Manpalson,70568,F,16/04/1958,A,N,11/04/1977,06/10/1977,04/10/1985,50
Manpreet,Manpreetson,70569,F,11/04/1965,A,N,31/03/2010,24/01/2011,22/01/2018,40
Maraide,Maraideson,70570,F,22/09/1958,B,N,13/09/1994,14/07/1995,08/07/2016,140
Maranne,Maranneson,70571,F,02/01/1964,A,N,25/12/1994,05/02/1995,04/02/1997,10
Marcela,Marcelason,70572,F,26/09/1961,B,N,13/09/2013,15/09/2014,15/09/2015,666.67
Marchelle,Marchelleson,70573,F,07/02/1960,A,N,29/01/1993,05/12/1993,05/12/1994,666.67
Mardi,Mardison,70574,F,11/07/1957,A,N,03/07/1991,15/08/1991,11/08/2004,80
Mareen,Mareenson,70575,F,17/05/1967,B,N,10/05/1995,17/01/1996,13/01/2010,90
Mareeta,Mareetason,70576,F,09/11/1959,A,N,26/10/2013,16/04/2014,31/12/2018,30
Marella,Marellason,70577,F,27/07/1959,A,N,17/07/1997,24/07/1998,21/07/2009,70
Maressa,Maressason,70578,F,04/07/1967,B,N,27/06/1994,15/07/1994,11/07/2010,100
Margarette,Margaretteson,70579,F,25/02/1960,A,N,17/02/1990,30/10/1990,28/10/1998,50
Margarita,Margaritason,70580,F,31/08/1959,B,N,20/08/2000,17/01/2001,17/01/2003,10
Margot,Margotson,70581,F,08/01/1969,A,N,31/12/2000,08/07/2001,31/12/2018,110
Marguerite,Margueriteson,70582,F,20/07/1968,A,N,08/07/2019,29/11/2019,31/12/2018,-608.22
Mari-Clare,Mari-Clareson,70583,F,05/04/1956,A,N,24/03/2006,13/11/2006,11/11/2012,40
Maria-Anita,Maria-Anitason,70584,F,26/07/1968,B,N,19/07/1996,02/10/1996,28/09/2014,120
Maria-Luisa,Maria-Luisason,70585,F,02/03/1956,B,N,17/02/2010,28/02/2010,31/12/2018,50
Mariam,Mariamson,70586,F,05/09/1969,A,N,24/08/2017,25/05/2018,31/12/2018,401.83
Mariapia,Mariapiason,70587,F,20/03/1957,A,N,11/03/1995,04/01/1996,31/12/2018,150
Maricia,Mariciason,70588,F,08/10/1968,A,N,03/10/1989,10/06/1990,06/06/2005,100
Marie-Ann,Marie-Annson,70589,F,07/04/1966,A,N,31/03/1992,21/06/1992,17/06/2009,110
Marie-Louise,Marie-Louiseson,70590,F,13/10/1967,C,N,08/10/1986,04/10/1987,27/09/2012,160
Marie-Therese,Marie-Thereseson,70591,F,25/04/1958,A,N,19/04/1982,20/10/1982,18/10/1989,40
Mariel,Marielson,70592,F,30/05/1967,A,N,22/05/1999,24/08/1999,20/08/2013,90
Mariesha,Marieshason,70593,F,22/05/1960,A,N,16/05/1986,24/06/1986,21/06/1998,80
Marietta,Mariettason,70594,F,21/05/1969,A,N,14/05/1996,10/08/1996,08/08/2004,50
Marilis,Marilisson,70595,F,09/08/1969,B,N,01/08/2002,01/08/2003,29/07/2014,70
Marion-Anne,Marion-Anneson,70596,F,18/04/1969,B,N,06/04/2019,18/12/2019,31/12/2018,-642.92
Maris,Marisson,70597,F,27/06/1964,A,N,17/06/2007,28/04/2008,31/12/2018,70
Marisha,Marishason,70598,F,20/11/1966,A,N,08/11/2015,01/07/2016,01/07/2018,10
Marisia,Marisiason,70599,F,17/05/1958,A,N,06/05/2000,02/01/2001,31/12/2018,120
Marit,Maritson,70600,F,16/07/1967,B,N,06/07/2007,05/04/2008,05/04/2009,666.67
Marjon,Marjonson,70601,F,19/12/1959,A,N,12/12/1984,31/01/1985,25/01/2009,160
Marjory,Marjoryson,70602,F,29/07/1966,B,N,21/07/1999,24/10/1999,31/12/2018,120
Marlies,Marliesson,70603,F,19/12/1968,A,N,14/12/1990,14/11/1991,13/11/1995,20
Marri,Marrison,70604,F,12/02/1955,A,N,05/02/1981,01/07/1981,25/06/2004,150
Marriane,Marrianeson,70605,F,30/03/1961,B,N,20/03/2002,30/12/2002,27/12/2014,80
Marsail,Marsailson,70606,F,16/04/1968,A,N,07/04/2006,30/03/2007,31/12/2018,70
Marshall,Marshallson,70607,F,12/05/1957,A,N,01/05/2001,26/03/2002,31/12/2018,110
Marta,Martason,70608,F,13/12/1969,B,N,07/12/1995,04/07/1996,30/06/2013,110
Martin,Martinson,70609,F,10/01/1959,A,N,27/12/2013,13/07/2014,31/12/2018,20
Martine-Louise,Martine-Louiseson,70610,F,11/10/1961,B,N,04/10/1990,30/05/1991,29/05/1993,10
Marvic,Marvicson,70611,F,07/05/1963,A,N,23/04/2018,20/07/2018,31/12/2018,299.54
Mary-Ann,Mary-Annson,70612,F,01/06/1969,A,N,26/05/1993,15/06/1994,14/06/1999,30
Mary-Anne,Mary-Anneson,70613,F,12/08/1958,A,N,04/08/1990,10/07/1991,06/07/2004,80
Mary-Claire,Mary-Claireson,70614,F,27/10/1965,B,N,17/10/2006,26/01/2007,31/12/2018,70
Mary-Ellen,Mary-Ellenson,70615,F,29/10/1963,B,N,19/10/2001,07/10/2002,06/10/2004,10
Mary-Jane,Mary-Janeson,70616,F,07/07/1956,A,N,28/06/1993,22/11/1993,19/11/2007,90
Marya,Maryason,70617,F,21/08/1955,A,N,08/08/2007,08/03/2008,31/12/2018,70
Maryellen,Maryellenson,70618,F,20/04/1962,A,N,15/04/1983,12/05/1983,06/05/2004,140
Maryjane,Maryjaneson,70619,F,23/11/1959,A,N,18/11/1979,08/04/1980,07/04/1985,30
Marylin,Marylinson,70620,F,01/07/1960,C,N,27/06/1979,14/12/1979,08/12/2002,150
Masniy,Masniyson,70621,F,15/03/1969,A,N,05/03/2009,13/06/2009,31/12/2018,60
Matilda,Matildason,70622,F,18/10/1966,A,N,07/10/2009,06/03/2010,31/12/2018,50
Maura,Maurason,70623,F,17/04/1965,A,N,10/04/1993,12/03/1994,09/03/2006,80
Maurissa,Maurissason,70624,F,16/10/1960,A,N,10/10/1985,24/08/1986,23/08/1989,20
Mavis,Mavisson,70625,F,27/10/1968,B,N,23/10/1987,17/05/1988,12/05/2009,140
Maya-Eve,Maya-Eveson,70626,F,30/10/1969,B,N,22/10/2002,17/03/2003,31/12/2018,100
Maya-Lin,Maya-Linson,70627,F,17/06/1958,A,N,04/06/2009,28/12/2009,31/12/2018,60
Mayo,Mayoson,70628,F,27/05/1959,A,N,17/05/1998,04/08/1998,30/07/2018,130
Maysie,Maysieson,70629,F,21/07/1968,A,N,11/07/2010,23/02/2011,31/12/2018,50
Mazia,Maziason,70630,F,19/01/1963,B,N,10/01/2000,28/03/2000,25/03/2015,100
Mechele,Mecheleson,70631,F,05/06/1969,A,N,22/05/2024,06/01/2025,31/12/2018,-40
Mechelle,Mechelleson,70632,F,08/06/1962,B,N,31/05/1994,21/11/1994,16/11/2013,120
Medena,Medenason,70633,F,03/11/1962,A,N,26/10/1994,18/03/1995,15/03/2004,60
Megat,Megatson,70634,F,21/08/1955,A,N,11/08/1992,17/11/1992,17/11/1994,10
Meghan,Meghanson,70635,F,14/11/1966,B,N,09/11/1987,12/11/1988,10/11/1997,60
Mehrun,Mehrunson,70636,F,08/03/1960,A,N,03/03/1982,07/08/1982,02/08/2000,120
Mei,Meison,70637,F,27/09/1966,A,N,16/09/2009,01/11/2009,31/12/2018,60
Melany,Melanyson,70638,F,28/06/1958,B,N,17/06/2001,06/06/2002,06/06/2003,666.67
Mellanie,Mellanieson,70639,F,09/11/1957,A,N,30/10/1996,31/07/1997,26/07/2016,120
Mellisa,Mellisason,70640,F,07/08/1966,B,N,01/08/1989,02/01/1990,29/12/2004,100
Memona,Memonason,70641,F,11/09/1962,A,N,03/09/1995,26/07/1996,22/07/2013,110
Meredith,Meredithson,70642,F,02/09/1968,A,N,27/08/1993,01/10/1994,26/09/2015,140
Merissa,Merissason,70643,F,03/07/1961,A,N,21/06/2009,02/07/2009,31/12/2018,60
Merran,Merranson,70644,F,16/02/1964,B,N,03/02/2013,27/07/2013,31/12/2018,30
Mhaire,Mhaireson,70645,F,25/11/1956,B,N,16/11/1995,06/09/1996,31/12/2018,140
Mhairi-Anne,Mhairi-Anneson,70646,F,02/03/1963,A,N,16/02/2017,30/07/2017,31/12/2018,947.95
Mhairi-Claire,Mhairi-Claireson,70647,F,21/11/1969,A,N,15/11/1994,26/12/1994,25/12/1998,20
Mharie,Mharieson,70648,F,24/01/1960,A,N,16/01/1991,02/05/1991,29/04/2003,80
Mialy,Mialyson,70649,F,25/12/1966,A,N,12/12/2016,11/12/2017,31/12/2018,703.2
Michalla,Michallason,70650,F,23/01/1958,C,N,11/01/2007,08/11/2007,06/11/2015,50
Miechelle,Miechelleson,70651,F,27/09/1964,A,N,22/09/1984,06/10/1984,04/10/1995,70
Migielle,Migielleson,70652,F,08/09/1963,A,N,30/08/1999,29/09/2000,31/12/2018,120
Mikaela,Mikaelason,70653,F,07/06/1967,A,N,01/06/1991,20/09/1991,18/09/1998,40
Millicent,Millicentson,70654,F,19/04/1957,A,N,12/04/1987,03/06/1987,28/05/2011,160
Mintaz,Mintazson,70655,F,25/11/1963,B,N,18/11/1991,14/12/1992,14/12/1993,666.67
Mischa,Mischason,70656,F,12/02/1956,B,N,07/02/1974,16/02/1975,12/02/1991,100
Mitzi,Mitzison,70657,F,25/09/1968,A,N,15/09/2009,07/11/2009,31/12/2018,60
Moira-Jane,Moira-Janeson,70658,F,11/08/1959,A,N,06/08/1979,17/06/1980,12/06/2001,140
Mollie,Mollieson,70659,F,31/05/1966,A,N,21/05/2004,24/11/2004,24/11/2005,666.67
Molly,Mollyson,70660,F,25/11/1957,B,N,15/11/1996,22/02/1997,22/02/1998,666.67
Momotaj,Momotajson,70661,F,29/08/1965,A,N,21/08/1998,05/08/1999,03/08/2005,40
Monika,Monikason,70662,F,07/05/1957,B,N,28/04/1994,15/10/1994,10/10/2012,120
Moninnuola,Moninnuolason,70663,F,13/08/1955,A,N,08/08/1973,12/10/1973,09/10/1986,80
Mora,Morason,70664,F,16/10/1963,A,N,06/10/2003,12/05/2004,09/05/2017,80
Moraig,Moraigson,70665,F,15/12/1964,B,N,03/12/2014,04/08/2015,31/12/2018,20
Morwen,Morwenson,70666,F,29/01/1960,A,N,16/01/2009,18/08/2009,17/08/2012,20
Mubo,Muboson,70667,F,22/01/1968,A,N,11/01/2010,10/01/2011,31/12/2018,50
Muniba,Munibason,70668,F,20/07/1959,B,N,08/07/2006,19/03/2007,31/12/2018,70
Muriel,Murielson,70669,F,08/05/1961,A,N,27/04/2005,24/12/2005,31/12/2018,80
Musa,Musason,70670,F,11/07/1961,B,N,02/07/1998,10/11/1998,31/12/2018,130
Myke,Mykeson,70671,F,18/05/1960,A,N,05/05/2013,10/12/2013,31/12/2018,30
Nadine-Marie,Nadine-Marieson,70672,F,21/10/1965,A,N,09/10/2013,10/02/2014,31/12/2018,30
Nadra,Nadrason,70673,F,12/05/1959,A,N,02/05/1998,19/10/1998,31/12/2018,130
Naela,Naelason,70674,F,07/01/1962,B,N,28/12/2003,24/01/2004,23/01/2007,20
Nahid,Nahidson,70675,F,20/06/1967,B,N,08/06/2014,10/03/2015,31/12/2018,20
Nairi,Nairison,70676,F,08/03/1962,A,N,01/03/1988,28/04/1988,22/04/2012,160
Najia,Najiason,70677,F,19/02/1960,A,N,14/02/1978,19/05/1978,15/05/1994,100
Najma,Najmason,70678,F,22/12/1957,A,N,16/12/1981,05/06/1982,03/06/1991,60
Namdir,Namdirson,70679,F,12/01/1963,A,N,07/01/1981,10/10/1981,06/10/1998,110
Nareenah,Nareenahson,70680,F,13/08/1963,C,N,04/08/1997,07/08/1997,31/12/2018,140
Naseem,Naseemson,70681,F,25/06/1962,A,N,20/06/1981,25/01/1982,24/01/1986,20
Natalena,Natalenason,70682,F,17/07/1966,A,N,07/07/2004,06/05/2005,06/05/2006,666.67
Natali,Natalison,70683,F,15/06/1958,A,N,03/06/2006,08/10/2006,31/12/2018,80
Natalya,Natalyason,70684,F,19/10/1956,A,N,09/10/1997,04/12/1997,04/12/1998,666.67
Naureen,Naureenson,70685,F,16/06/1961,B,N,03/06/2012,27/05/2013,26/05/2017,20
Navneet,Navneetson,70686,F,02/12/1955,B,N,24/11/1986,22/08/1987,21/08/1988,666.67
Naysha,Nayshason,70687,F,26/10/1965,A,N,18/10/1998,21/11/1998,18/11/2009,70
Nazatul,Nazatulson,70688,F,25/05/1966,A,N,13/05/2015,25/10/2015,31/12/2018,20
Nazhat,Nazhatson,70689,F,03/05/1968,A,N,28/04/1991,30/11/1991,27/11/2000,60
Nazish,Nazishson,70690,F,11/10/1967,B,N,06/10/1985,20/05/1986,15/05/2006,130
Ndidi,Ndidison,70691,F,27/05/1963,A,N,14/05/2015,23/09/2015,31/12/2018,20
Neetu,Neetuson,70692,F,07/02/1965,B,N,27/01/2011,12/07/2011,31/12/2018,40
Nehal,Nehalson,70693,F,03/08/1965,A,N,29/07/1986,26/05/1987,25/05/1991,20
Nehla,Nehlason,70694,F,25/08/1957,A,N,20/08/1979,17/02/1980,11/02/2001,140
Neil,Neilson,70695,F,02/12/1955,B,N,26/11/1977,03/11/1978,28/10/2002,160
Neive,Neiveson,70696,F,21/04/1962,A,N,09/04/2010,11/05/2011,31/12/2018,50
Nelam,Nelamson,70697,F,11/10/1960,A,N,29/09/2011,07/04/2012,31/12/2018,40
Nergis,Nergisson,70698,F,08/09/1969,B,N,01/09/1996,03/10/1996,01/10/2004,50
Nerice,Nericeson,70699,F,26/10/1956,A,N,21/10/1976,29/10/1976,25/10/1995,120
Nermeen,Nermeenson,70700,F,24/02/1956,B,N,17/02/1984,09/01/1985,04/01/2007,140
Nerys,Nerysson,70701,F,07/04/1960,A,N,25/03/2013,06/01/2014,31/12/2018,30
Nesreen,Nesreenson,70702,F,26/05/1957,A,N,21/05/1976,15/12/1976,15/12/1977,666.67
Nettie,Nettieson,70703,F,10/03/1960,A,N,02/03/1994,28/11/1994,23/11/2015,140
Neva,Nevason,70704,F,15/01/1957,B,N,03/01/2006,04/07/2006,04/07/2007,666.67
Nga,Ngason,70705,F,19/09/1960,B,N,08/09/2004,08/05/2005,31/12/2018,90
Ngukaren,Ngukarenson,70706,F,30/09/1964,A,N,24/09/1990,10/08/1991,05/08/2011,130
Nhargus,Nhargusson,70707,F,12/10/1967,A,N,03/10/2000,01/05/2001,30/04/2007,40
Niamh,Niamhson,70708,F,04/02/1961,A,N,30/01/1982,30/08/1982,28/08/1990,50
Nicholl,Nichollson,70709,F,11/08/1964,A,N,30/07/2014,28/06/2015,31/12/2018,20
Nickola,Nickolason,70710,F,05/08/1969,C,N,28/07/2002,04/05/2003,31/12/2018,100
Nikee,Nikeeson,70711,F,22/07/1968,A,N,14/07/2003,20/10/2003,16/10/2018,100
Niomi,Niomison,70712,F,28/07/1955,A,N,20/07/1986,31/01/1987,31/01/1988,666.67
Nirvana,Nirvanason,70713,F,15/10/1964,A,N,02/10/2016,06/12/2016,31/12/2018,10
Nisha,Nishason,70714,F,09/08/1960,A,N,02/08/1990,21/08/1991,15/08/2013,140
Nivedita,Niveditason,70715,F,06/02/1966,B,N,29/01/1997,05/03/1997,04/03/2002,30
Niveen,Niveenson,70716,F,07/09/1967,B,N,25/08/2019,09/01/2020,31/12/2018,-683.11
Nobila,Nobilason,70717,F,17/11/1958,A,N,04/11/2011,19/11/2011,17/11/2016,30
Andrew,Andrewson,70718,M,31/12/1964,A,N,26/12/1986,20/03/1987,18/03/1994,40
Paul,Paulson,70719,M,12/06/1958,A,N,31/05/2007,29/07/2007,27/07/2014,40
James,Jamesson,70720,M,10/02/1962,B,N,30/01/2008,22/04/2008,31/12/2018,70
Christopher,Christopherson,70721,M,11/10/1961,A,N,28/09/2015,16/02/2016,31/12/2018,10
Steven,Stevenson,70722,M,09/03/1957,B,N,26/02/2001,30/12/2001,27/12/2014,80
Scott,Scottson,70723,M,05/03/1958,A,N,21/02/2006,25/08/2006,23/08/2015,60
Mark,Markson,70724,M,16/07/1967,A,N,09/07/1992,12/03/1993,06/03/2017,160
Robert,Robertson,70725,M,07/08/1962,B,N,29/07/1998,01/12/1998,28/11/2009,70
Craig,Craigson,70726,M,05/01/1968,A,N,23/12/2018,11/10/2019,31/12/2018,-518.72
Kevin,Kevinson,70727,M,30/06/1966,A,N,18/06/2014,19/09/2014,18/09/2018,20
Michael,Michaelson,70728,M,13/01/1963,B,N,04/01/1997,09/02/1997,07/02/2005,50
Stuart,Stuartson,70729,M,17/10/1966,A,N,05/10/2014,14/12/2014,31/12/2018,20
Stephen,Stephenson,70730,M,01/12/1967,B,N,17/11/2021,10/12/2021,31/12/2018,-10
Alan,Alanson,70731,M,23/08/1963,A,N,15/08/1995,14/04/1996,09/04/2017,140
Colin,Colinson,70732,M,09/03/1957,A,N,28/02/1993,23/12/1993,18/12/2012,120
William,Williamson,70733,M,12/01/1965,A,N,08/01/1984,30/10/1984,28/10/1995,70
Brian,Brianson,70734,M,08/12/1966,B,N,28/11/2006,24/06/2007,31/12/2018,70
Barry,Barryson,70735,M,21/03/1963,B,N,15/03/1986,21/06/1986,15/06/2011,160
Ross,Rossson,70736,M,01/07/1963,A,N,25/06/1985,15/09/1985,12/09/1997,80
Gary,Garyson,70737,M,16/06/1963,A,N,05/06/2005,14/06/2005,12/06/2014,60
Martin,Martinson,70738,M,16/01/1958,A,N,11/01/1979,18/01/1980,13/01/1997,110
Thomas,Thomasson,70739,M,02/09/1962,A,N,24/08/1999,29/01/2000,25/01/2014,90
Richard,Richardson,70740,M,06/10/1957,C,N,26/09/1999,30/09/2000,31/12/2018,120
Graeme,Graemeson,70741,M,27/04/1969,A,N,22/04/1991,06/06/1991,01/06/2011,130
Neil,Neilson,70742,M,10/06/1964,A,N,30/05/2011,02/12/2011,31/12/2018,40
Peter,Peterson,70743,M,14/10/1964,A,N,08/10/1988,10/11/1988,09/11/1992,20
Iain,Iainson,70744,M,24/06/1955,A,N,13/06/1997,17/11/1997,15/11/2005,50
Gordon,Gordonson,70745,M,06/02/1965,B,N,28/01/2002,01/02/2003,31/12/2018,100
Derek,Derekson,70746,M,21/12/1965,B,N,10/12/2008,24/04/2009,22/04/2016,40
Ian,Ianson,70747,M,04/10/1962,A,N,29/09/1980,16/06/1981,12/06/1999,120
Alexander,Alexanderson,70748,M,03/07/1965,A,N,25/06/1998,10/07/1998,07/07/2011,80
Kenneth,Kennethson,70749,M,12/07/1964,A,N,02/07/2005,24/12/2005,21/12/2016,70
Graham,Grahamson,70750,M,07/12/1962,B,N,27/11/2000,25/05/2001,23/05/2009,50
Allan,Allanson,70751,M,04/09/1962,A,N,26/08/1998,10/06/1999,31/12/2018,130
Darren,Darrenson,70752,M,09/06/1959,B,N,02/06/1984,16/08/1984,13/08/1996,80
Gavin,Gavinson,70753,M,10/10/1959,A,N,28/09/2004,29/05/2005,31/12/2018,90
Jamie,Jamieson,70754,M,30/07/1956,A,N,21/07/1995,04/08/1995,01/08/2004,60
Douglas,Douglasson,70755,M,30/12/1961,B,N,17/12/2013,06/06/2014,05/06/2018,20
Ryan,Ryanson,70756,M,11/12/1956,A,N,02/12/1992,07/12/1992,04/12/2004,80
Simon,Simonson,70757,M,17/12/1957,A,N,13/12/1975,01/01/1976,26/12/1998,150
George,Georgeson,70758,M,27/02/1969,B,N,14/02/2023,16/12/2023,31/12/2018,-30
Matthew,Matthewson,70759,M,09/05/1962,A,N,29/04/2003,24/06/2003,21/06/2013,60
Lee,Leeson,70760,M,14/06/1962,B,N,02/06/2009,02/09/2009,31/08/2017,50
Stewart,Stewartson,70761,M,13/12/1961,A,N,05/12/1995,25/12/1996,22/12/2011,100
Keith,Keithson,70762,M,22/01/1967,A,N,14/01/1997,04/12/1997,03/12/2002,30
Daniel,Danielson,70763,M,19/07/1957,A,N,11/07/1989,19/11/1989,13/11/2014,160
Anthony,Anthonyson,70764,M,22/06/1958,B,N,13/06/1992,09/03/1993,04/03/2012,120
Grant,Grantson,70765,M,03/12/1967,B,N,27/11/1990,27/11/1991,21/11/2012,140
Gareth,Garethson,70766,M,24/08/1963,A,N,10/08/2017,08/08/2018,31/12/2018,264.84
Jonathan,Jonathanson,70767,M,15/09/1957,A,N,01/09/2012,08/02/2013,07/02/2018,30
Joseph,Josephson,70768,M,29/06/1967,A,N,17/06/2013,25/08/2013,31/12/2018,30
Alistair,Alistairson,70769,M,19/05/1969,A,N,15/05/1987,11/01/1988,10/01/1990,10
Charles,Charlesson,70770,M,09/06/1968,C,N,02/06/1996,09/07/1996,09/07/1998,10
Edward,Edwardson,70771,M,22/01/1964,A,N,12/01/2004,17/06/2004,31/12/2018,90
Fraser,Fraserson,70772,M,10/03/1957,A,N,27/02/2003,14/01/2004,31/12/2018,90
Duncan,Duncanson,70773,M,24/06/1956,A,N,18/06/1980,11/01/1981,09/01/1990,60
Garry,Garryson,70774,M,19/04/1962,A,N,11/04/1995,15/04/1995,14/04/1999,20
Bryan,Bryanson,70775,M,21/12/1958,B,N,14/12/1986,10/04/1987,06/04/2003,100
Ewan,Ewanson,70776,M,07/11/1963,B,N,01/11/1984,17/01/1985,13/01/2003,120
Nicholas,Nicholasson,70777,M,28/01/1962,A,N,20/01/1995,08/06/1995,03/06/2014,120
Donald,Donaldson,70778,M,31/08/1963,A,N,23/08/1994,05/09/1994,02/09/2004,60
Philip,Philipson,70779,M,04/10/1966,A,N,27/09/1995,10/02/1996,05/02/2013,110
Alastair,Alastairson,70780,M,24/04/1963,B,N,16/04/1993,15/01/1994,12/01/2007,80
Adam,Adamson,70781,M,10/09/1957,A,N,03/09/1987,21/07/1988,18/07/2003,100
Jason,Jasonson,70782,M,22/01/1965,B,N,13/01/2001,14/12/2001,13/12/2004,20
Euan,Euanson,70783,M,09/08/1958,A,N,31/07/1995,13/01/1996,31/12/2018,150
Russell,Russellson,70784,M,08/03/1962,A,N,03/03/1983,13/06/1983,10/06/1993,60
Sean,Seanson,70785,M,18/07/1959,B,N,09/07/1994,08/11/1994,05/11/2006,80
Malcolm,Malcolmson,70786,M,09/07/1969,A,N,30/06/2007,06/05/2008,04/05/2016,50
Patrick,Patrickson,70787,M,17/09/1961,A,N,03/09/2016,07/04/2017,31/12/2018,10
Raymond,Raymondson,70788,M,27/09/1965,B,N,21/09/1991,27/03/1992,26/03/1996,20
Alasdair,Alasdairson,70789,M,23/12/1961,A,N,17/12/1986,14/05/1987,13/05/1988,666.67
Liam,Liamson,70790,M,16/04/1958,B,N,03/04/2010,16/05/2010,31/12/2018,50
Greig,Greigson,70791,M,23/08/1967,A,N,10/08/2016,11/02/2017,31/12/2018,10
Gregor,Gregorson,70792,M,22/01/1960,A,N,13/01/1993,01/10/1993,26/09/2012,120
Ronald,Ronaldson,70793,M,30/12/1961,A,N,18/12/2011,18/12/2011,31/12/2018,40
Greg,Gregson,70794,M,29/04/1968,B,N,18/04/2015,19/03/2016,31/12/2018,10
Shaun,Shaunson,70795,M,24/09/1956,B,N,16/09/1990,27/08/1991,21/08/2012,140
Wayne,Wayneson,70796,M,07/11/1960,A,N,02/11/1980,13/01/1981,08/01/2001,130
Bruce,Bruceson,70797,M,29/04/1962,A,N,23/04/1987,18/03/1988,13/03/2010,140
Marc,Marcson,70798,M,24/10/1965,A,N,13/10/2008,06/06/2009,06/06/2010,666.67
Robin,Robinson,70799,M,25/11/1960,A,N,20/11/1980,25/01/1981,22/01/1993,80
Cameron,Cameronson,70800,M,06/11/1955,C,N,23/10/2010,11/06/2011,31/12/2018,50
Francis,Francisson,70801,M,08/06/1967,A,N,30/05/2001,21/01/2002,18/01/2015,80
Angus,Angusson,70802,M,30/03/1969,A,N,20/03/2008,17/01/2009,16/01/2013,20
Gerard,Gerardson,70803,M,23/12/1960,A,N,16/12/1991,04/05/1992,03/05/1996,20
Kris,Krisson,70804,M,09/11/1958,A,N,04/11/1979,05/08/1980,02/08/1993,80
Calum,Calumson,70805,M,17/05/1968,B,N,08/05/2007,04/10/2007,31/12/2018,70
Benjamin,Benjaminson,70806,M,31/12/1958,B,N,21/12/1998,14/01/1999,12/01/2006,40
Rory,Roryson,70807,M,05/01/1962,A,N,30/12/1986,30/12/1987,25/12/2004,110
Dean,Deanson,70808,M,07/07/1958,A,N,26/06/2001,21/03/2002,19/03/2010,50
Timothy,Timothyson,70809,M,08/01/1967,A,N,03/01/1985,09/01/1985,05/01/2001,100
Samuel,Samuelson,70810,M,15/08/1964,B,N,08/08/1994,30/07/1995,25/07/2013,120
Niall,Niallson,70811,M,04/02/1961,A,N,26/01/2000,16/09/2000,13/09/2014,90
Hugh,Hughson,70812,M,05/11/1960,B,N,25/10/2005,26/07/2006,31/12/2018,80
Lewis,Lewisson,70813,M,20/05/1958,A,N,15/05/1976,03/05/1977,01/05/1987,60
Murray,Murrayson,70814,M,09/09/1963,A,N,26/08/2016,17/04/2017,31/12/2018,10
Justin,Justinson,70815,M,04/05/1957,B,N,29/04/1977,19/08/1977,13/08/2002,160
Roderick,Roderickson,70816,M,27/11/1960,A,N,20/11/1991,01/09/1992,31/08/1997,30
Barrie,Barrieson,70817,M,29/09/1965,A,N,16/09/2019,24/07/2020,31/12/2018,-10
Dale,Daleson,70818,M,03/04/1959,B,N,29/03/1977,11/07/1977,06/07/1996,120
Jon,Jonson,70819,M,17/12/1957,A,N,05/12/2007,10/02/2008,07/02/2017,60
Aaron,Aaronson,70820,M,09/08/1961,B,N,03/08/1984,16/08/1985,13/08/1999,90
Blair,Blairson,70821,M,30/03/1955,A,N,21/03/1988,28/11/1988,23/11/2011,150
Gerald,Geraldson,70822,M,20/02/1961,A,N,13/02/1991,16/02/1991,13/02/2004,80
Antony,Antonyson,70823,M,30/11/1962,A,N,24/11/1984,25/09/1985,25/09/1987,10
Martyn,Martynson,70824,M,07/10/1966,B,N,28/09/2003,06/10/2004,31/12/2018,90
Roy,Royson,70825,M,19/10/1969,B,N,12/10/1997,02/07/1998,31/12/2018,130
Callum,Callumson,70826,M,28/11/1969,A,N,16/11/2019,14/12/2019,31/12/2018,-635.62
Mohammed,Mohammedson,70827,M,26/10/1969,A,N,17/10/2004,23/11/2004,31/12/2018,90
Owen,Owenson,70828,M,20/10/1955,A,N,14/10/1978,24/03/1979,21/03/1988,60
Ewen,Ewenson,70829,M,02/08/1967,A,N,24/07/2001,06/09/2001,03/09/2014,80
Frank,Frankson,70830,M,28/02/1959,C,N,20/02/1990,10/09/1990,09/09/1995,30
Kristopher,Kristopherson,70831,M,15/05/1962,A,N,07/05/1992,06/06/1992,05/06/1999,40
Gregg,Greggson,70832,M,30/11/1963,A,N,17/11/2015,26/10/2016,31/12/2018,10
Hamish,Hamishson,70833,M,22/01/1955,A,N,13/01/1992,01/05/1992,30/04/1998,40
Nathan,Nathanson,70834,M,25/06/1960,A,N,18/06/1988,16/06/1989,15/06/1993,20
Norman,Normanson,70835,M,30/09/1956,B,N,26/09/1974,17/02/1975,15/02/1981,40
Terence,Terenceson,70836,M,15/06/1959,B,N,06/06/1993,24/07/1993,23/07/1998,30
Brendan,Brendanson,70837,M,09/11/1959,A,N,26/10/2013,10/11/2014,09/11/2016,10
Campbell,Campbellson,70838,M,02/11/1965,A,N,21/10/2012,24/02/2013,31/12/2018,30
Adrian,Adrianson,70839,M,08/10/1959,A,N,30/09/1990,04/03/1991,26/02/2015,160
Jordan,Jordanson,70840,M,07/03/1957,B,N,02/03/1977,28/03/1978,27/03/1980,10
Kristofer,Kristoferson,70841,M,07/12/1964,A,N,01/12/1988,05/10/1989,30/09/2010,140
Mohammad,Mohammadson,70842,M,21/02/1960,B,N,11/02/1997,15/07/1997,12/07/2011,90
Gregory,Gregoryson,70843,M,21/03/1957,A,N,12/03/1992,15/10/1992,10/10/2012,130
Henry,Henryson,70844,M,27/02/1966,A,N,16/02/2012,05/01/2013,31/12/2018,30
Jeffrey,Jeffreyson,70845,M,02/06/1960,B,N,23/05/2002,19/10/2002,31/12/2018,100
Dominic,Dominicson,70846,M,12/06/1955,A,N,06/06/1976,01/12/1976,26/11/1998,140
Eric,Ericson,70847,M,14/01/1963,A,N,31/12/2017,13/06/2018,31/12/2018,367.12
Frazer,Frazerson,70848,M,16/10/1956,B,N,08/10/1988,26/03/1989,26/03/1991,10
Lawrence,Lawrenceson,70849,M,27/01/1957,A,N,15/01/2006,19/06/2006,31/12/2018,80
Luke,Lukeson,70850,M,09/09/1955,B,N,31/08/1988,22/06/1989,18/06/2005,100
Trevor,Trevorson,70851,M,20/08/1966,A,N,10/08/2007,18/07/2008,31/12/2018,60
Leslie,Leslieson,70852,M,25/12/1965,A,N,20/12/1986,18/09/1987,14/09/2003,100
Oliver,Oliverson,70853,M,23/03/1961,A,N,18/03/1980,10/05/1980,06/05/1998,120
Damian,Damianson,70854,M,05/08/1957,B,N,26/07/1996,22/07/1997,20/07/2007,60
Dennis,Dennisson,70855,M,09/11/1958,B,N,03/11/1981,17/07/1982,12/07/2001,120
Kieran,Kieranson,70856,M,10/07/1961,A,N,27/06/2015,28/05/2016,31/12/2018,10
Lindsay,Lindsayson,70857,M,01/05/1965,A,N,24/04/1993,18/11/1993,16/11/2003,60
Marcus,Marcusson,70858,M,27/12/1966,A,N,13/12/2021,15/04/2022,31/12/2018,-20
Phillip,Phillipson,70859,M,08/05/1956,A,N,30/04/1989,25/02/1990,19/02/2014,160
Vincent,Vincentson,70860,M,06/08/1961,C,N,24/07/2014,31/08/2014,31/12/2018,20
Christian,Christianson,70861,M,17/06/1959,A,N,08/06/1993,15/03/1994,09/03/2016,140
Glen,Glenson,70862,M,21/09/1960,A,N,11/09/2001,14/12/2001,13/12/2007,40
Kyle,Kyleson,70863,M,29/07/1962,A,N,20/07/1998,16/08/1998,11/08/2018,130
Leigh,Leighson,70864,M,14/07/1957,A,N,03/07/2001,29/12/2001,29/12/2002,666.67
Terry,Terryson,70865,M,02/06/1955,B,N,22/05/1999,25/10/1999,24/10/2001,10
Guy,Guyson,70866,M,12/04/1962,B,N,05/04/1989,22/12/1989,19/12/2003,90
Alisdair,Alisdairson,70867,M,13/06/1966,A,N,02/06/2009,10/08/2009,09/08/2015,40
Arthur,Arthurson,70868,M,11/03/1956,A,N,07/03/1975,02/02/1976,01/02/1977,666.67
Bernard,Bernardson,70869,M,14/12/1964,A,N,01/12/2017,28/07/2018,31/12/2018,284.93
Drew,Drewson,70870,M,28/11/1955,B,N,18/11/1994,25/07/1995,31/12/2018,150
Jay,Jayson,70871,M,14/03/1967,A,N,01/03/2018,28/11/2018,31/12/2018,60.27
Ricky,Rickyson,70872,M,09/01/1960,B,N,03/01/1983,18/08/1983,16/08/1990,40
Robbie,Robbieson,70873,M,28/06/1962,A,N,16/06/2010,10/07/2010,31/12/2018,50
Billy,Billyson,70874,M,08/07/1958,A,N,30/06/1990,01/12/1990,29/11/1996,40
Chris,Chrisson,70875,M,04/12/1965,B,N,27/11/1995,13/07/1996,08/07/2016,130
Glenn,Glennson,70876,M,13/09/1964,A,N,31/08/2017,28/11/2017,31/12/2018,726.94
Harry,Harryson,70877,M,25/11/1956,A,N,18/11/1986,15/07/1987,13/07/1993,40
Karl,Karlson,70878,M,11/03/1966,B,N,28/02/2010,24/11/2010,31/12/2018,50
Louis,Louisson,70879,M,09/08/1955,A,N,04/08/1973,05/08/1974,30/07/1999,160
Mathew,Mathewson,70880,M,05/08/1963,B,N,28/07/1994,18/04/1995,16/04/2003,50
Nigel,Nigelson,70881,M,01/01/1966,A,N,21/12/2008,17/10/2009,31/12/2018,60
Scot,Scotson,70882,M,20/11/1967,A,N,07/11/2019,07/04/2020,31/12/2018,-845.66
Wesley,Wesleyson,70883,M,17/10/1969,A,N,05/10/2017,17/10/2018,31/12/2018,136.99
Ben,Benson,70884,M,10/03/1959,B,N,01/03/1992,23/07/1992,21/07/2000,50
Finlay,Finlayson,70885,M,14/08/1955,B,N,04/08/1993,15/12/1993,10/12/2012,120
Innes,Innesson,70886,M,20/10/1963,A,N,11/10/1996,27/12/1996,25/12/2005,60
Kerr,Kerrson,70887,M,22/02/1965,A,N,11/02/2009,23/06/2009,31/12/2018,60
Leon,Leonson,70888,M,14/11/1965,A,N,06/11/1999,27/06/2000,25/06/2009,60
Neal,Nealson,70889,M,19/10/1962,A,N,12/10/1988,24/11/1988,23/11/1993,30
Sandy,Sandyson,70890,M,03/02/1968,C,N,20/01/2021,27/12/2021,31/12/2018,-10
Shane,Shaneson,70891,M,28/01/1959,A,N,23/01/1978,23/01/1978,21/01/1985,40
Stefan,Stefanson,70892,M,23/03/1960,A,N,13/03/2000,16/03/2001,31/12/2018,110
Darryl,Darrylson,70893,M,15/05/1968,A,N,09/05/1993,04/09/1993,04/09/1995,10
Imran,Imranson,70894,M,13/05/1961,A,N,08/05/1981,24/10/1981,20/10/1999,120
Marco,Marcoson,70895,M,12/10/1956,B,N,30/09/2004,03/03/2005,01/03/2015,60
Neill,Neillson,70896,M,27/09/1962,B,N,17/09/2003,04/10/2003,31/12/2018,100
Alister,Alisterson,70897,M,14/03/1969,A,N,09/03/1988,25/02/1989,23/02/1998,60
Archibald,Archibaldson,70898,M,13/11/1969,A,N,01/11/2017,25/03/2018,31/12/2018,513.24
Brett,Brettson,70899,M,22/04/1966,A,N,13/04/2001,20/08/2001,16/08/2016,100
Evan,Evanson,70900,M,27/09/1963,B,N,17/09/2003,21/09/2003,31/12/2018,100
Geoffrey,Geoffreyson,70901,M,30/01/1966,A,N,23/01/1995,20/05/1995,14/05/2017,140
Kristoffer,Kristofferson,70902,M,20/04/1969,B,N,11/04/2004,26/04/2004,31/12/2018,90
Magnus,Magnusson,70903,M,21/11/1961,A,N,11/11/2000,27/11/2001,27/11/2003,10
Ralph,Ralphson,70904,M,08/04/1956,A,N,31/03/1989,17/04/1989,11/04/2014,160
Roger,Rogerson,70905,M,22/12/1955,B,N,14/12/1985,05/05/1986,03/05/1992,40
Walter,Walterson,70906,M,17/06/1960,A,N,12/06/1981,06/06/1982,01/06/2003,140
Allen,Allenson,70907,M,28/02/1966,A,N,14/02/2021,19/01/2022,31/12/2018,-20
Austin,Austinson,70908,M,02/07/1966,B,N,27/06/1985,31/08/1985,29/08/1994,60
Carl,Carlson,70909,M,14/09/1961,A,N,01/09/2012,06/02/2013,31/12/2018,30
Darran,Darranson,70910,M,19/09/1969,B,N,07/09/2019,21/02/2020,31/12/2018,-761.64
Desmond,Desmondson,70911,M,06/06/1963,A,N,26/05/2007,17/03/2008,31/12/2018,70
Fergus,Fergusson,70912,M,01/02/1965,A,N,27/01/1987,01/05/1987,25/04/2010,150
Kevan,Kevanson,70913,M,07/06/1968,A,N,02/06/1990,21/05/1991,18/05/2000,60
Leonard,Leonardson,70914,M,01/05/1968,B,N,22/04/2007,27/01/2008,31/12/2018,70
Murdo,Murdoson,70915,M,24/01/1967,B,N,12/01/2016,11/01/2017,31/12/2018,10
Rodney,Rodneyson,70916,M,31/12/1968,A,N,22/12/2004,12/08/2005,10/08/2014,60
Ronnie,Ronnieson,70917,M,27/07/1961,A,N,17/07/2001,03/08/2001,30/07/2017,100
Ruairidh,Ruairidhson,70918,M,20/09/1955,A,N,11/09/1991,24/01/1992,21/01/2002,60
Stanley,Stanleyson,70919,M,30/09/1955,A,N,22/09/1987,17/07/1988,15/07/1997,60
Tom,Tomson,70920,M,04/06/1957,C,N,24/05/2000,22/12/2000,22/12/2002,10
Tony,Tonyson,70921,M,26/03/1962,A,N,13/03/2014,28/01/2015,31/12/2018,20
Tristan,Tristanson,70922,M,13/11/1955,A,N,06/11/1981,02/07/1982,26/06/2007,160
Aidan,Aidanson,70923,M,27/10/1962,A,N,15/10/2011,19/04/2012,31/12/2018,40
Denis,Denisson,70924,M,18/02/1958,A,N,06/02/2005,29/06/2005,28/06/2010,30
Dylan,Dylanson,70925,M,04/02/1969,B,N,30/01/1989,28/01/1990,22/01/2013,150
Jack,Jackson,70926,M,26/01/1967,B,N,21/01/1988,14/03/1988,08/03/2012,160
Jaimie,Jaimieson,70927,M,24/09/1968,A,N,16/09/2002,24/04/2003,21/04/2012,60
Johnathan,Johnathanson,70928,M,19/01/1967,A,N,07/01/2016,24/08/2016,31/12/2018,10
Kirk,Kirkson,70929,M,04/04/1963,A,N,23/03/2008,23/06/2008,21/06/2016,50
Muhammad,Muhammadson,70930,M,03/10/1960,B,N,22/09/2006,29/09/2006,27/09/2012,40
Warren,Warrenson,70931,M,09/10/1966,A,N,27/09/2012,04/02/2013,31/12/2018,30
Alun,Alunson,70932,M,21/03/1959,B,N,13/03/1988,18/12/1988,13/12/2008,130
Damien,Damienson,70933,M,26/05/1965,A,N,14/05/2014,29/04/2015,31/12/2018,20
Derrick,Derrickson,70934,M,08/02/1964,A,N,01/02/1990,23/02/1991,22/02/1994,20
Don,Donson,70935,M,10/11/1956,B,N,02/11/1991,01/08/1992,31/07/1996,20
Eamonn,Eamonnson,70936,M,27/03/1969,A,N,14/03/2021,15/12/2021,31/12/2018,-10
Elliot,Elliotson,70937,M,24/01/1961,A,N,13/01/2005,14/02/2006,31/12/2018,80
Jan,Janson,70938,M,25/04/1956,B,N,16/04/1992,11/07/1992,10/07/1999,40
Jody,Jodyson,70939,M,06/08/1958,A,N,24/07/2010,17/10/2010,31/12/2018,50
John-Paul,John-Paulson,70940,M,15/03/1955,B,N,04/03/1998,01/04/1998,28/03/2013,100
Laurie,Laurieson,70941,M,14/08/1960,A,N,04/08/2000,22/08/2000,19/08/2013,80
Leo,Leoson,70942,M,16/12/1967,A,N,09/12/1993,22/08/1994,18/08/2009,100
Roddy,Roddyson,70943,M,09/12/1969,A,N,01/12/2001,11/04/2002,10/04/2005,20
Stephan,Stephanson,70944,M,04/04/1966,B,N,29/03/1991,27/09/1991,25/09/1997,40
Wai,Waison,70945,M,27/07/1955,B,N,18/07/1990,16/06/1991,10/06/2012,140
Alex,Alexson,70946,M,19/05/1966,A,N,06/05/2016,05/05/2017,31/12/2018,10
Bobby,Bobbyson,70947,M,08/05/1969,A,N,30/04/2001,15/12/2001,31/12/2018,110
Bryce,Bryceson,70948,M,15/08/1961,A,N,08/08/1990,29/06/1991,27/06/1999,50
Carlo,Carloson,70949,M,09/06/1963,A,N,28/05/2009,21/02/2010,31/12/2018,50
Edwin,Edwinson,70950,M,28/03/1969,C,N,23/03/1988,26/03/1988,25/03/1992,20
Erik,Erikson,70951,M,25/07/1964,A,N,19/07/1990,30/06/1991,27/06/2003,80
Frederick,Frederickson,70952,M,21/06/1963,A,N,15/06/1987,12/09/1987,07/09/2004,110
Gerrard,Gerrardson,70953,M,04/01/1960,A,N,24/12/2000,27/09/2001,26/09/2005,20
Grahame,Grahameson,70954,M,07/05/1960,A,N,24/04/2013,26/07/2013,31/12/2018,30
Jackie,Jackieson,70955,M,10/12/1958,B,N,30/11/1999,03/06/2000,31/12/2018,120
Jacob,Jacobson,70956,M,14/05/1964,B,N,04/05/2007,02/05/2008,01/05/2014,40
Jonathon,Jonathonson,70957,M,13/12/1967,A,N,30/11/2017,28/12/2017,31/12/2018,672.15
Joshua,Joshuason,70958,M,09/02/1965,A,N,28/01/2016,14/02/2016,31/12/2018,10
Kenny,Kennyson,70959,M,15/11/1961,A,N,03/11/2009,03/10/2010,31/12/2018,50
Kristian,Kristianson,70960,M,23/06/1956,B,N,17/06/1981,17/11/1981,14/11/1992,70
Laurence,Laurenceson,70961,M,28/02/1965,A,N,19/02/2003,24/12/2003,31/12/2018,100
Lloyd,Lloydson,70962,M,19/05/1967,B,N,08/05/2010,09/07/2010,31/12/2018,50
Man,Manson,70963,M,21/05/1962,A,N,14/05/1991,28/05/1992,28/05/1994,10
